Transect,Photo#,photo score,transect score,#urchins,#snails,primary_sub,secondary_sub,,"Notes (% cover for each, other important things to know etc.)",,Total snails,Real total snails,,Total snails,real total snails
BMSC26_CMA6.5m24042024HosieSouth,3,4,"4, 2",0,2,7,1,,51% solid rock and 49% kelp. Snails on solid rock -- ok vis,,4,85,,4,85
BMSC26_CMA6.5m24042024HosieSouth,4,4,"4, 2",0,0,1,7,,60% kelp beside what appears to be a solid rock wall ---low vis,,,,,2,68
BMSC26_CMA6.5m24042024HosieSouth,5,2,"4, 2",0,0,2,7,,90% sand with some slight solid rock poking through -- low to ok vis,,,,,15,3
BMSC26_CMA6.5m24042024HosieSouth,6,4,"4, 2",0,0,7,1,,51% solid rock with some kelp over sand---ok vis,,,,,7,33
BMSC26_CMA6.5m24042024HosieSouth,7,4,"4, 2",0,0,7,1,,90% solid rock with small patches of kelp and sand -- low vis,,,,,27,99
BMSC26_CMA6.5m24042024HosieSouth,8,2,"4, 2",0,0,1,2,,60% kelp with two pockets of sand---very low vis,,,,,23,262
BMSC26_CMA6.5m24042024HosieSouth,9,2,"4, 2",0,0,1,2,,80% kelp with one pocket of sand -- very low vis --- macro visible,,,,,190,274
BMSC26_CMA6.5m24042024HosieSouth,10,2,"4, 2",0,0,1,2,,60% kelp with large pocket of sand and some solid rock --- very low vis,,,,,12,17
BMSC26_CMA6.5m24042024HosieSouth,11,4,"4, 2",0,0,2,7,,"60% sand covering with 20% solid rock poking through, also some kelp and stipes -- ok vis",,,,,137,362
BMSC26_CMA6.5m24042024HosieSouth,12,2,"4, 2",0,0,2,1,,"70% sand with 20% kelp, some granule/pebble --- low to ok vis",,,,,,
BMSC26_CMA6.5m24042024HosieSouth,13,4,"4, 2",0,0,7,2,,"50% solid rock outcrop, 30% sand, some kelp thalli --- low to ok vis",,,,,,
BMSC26_CMA6.5m24042024HosieSouth,14,2,"4, 2",0,0,1,2,,"75% kelp, 25% sand --- very low vis, but dark green region that seems indicative of kelp",,,,,,
BMSC26_CMA6.5m24042024HosieSouth,15,Only Kelp,"4, 2",0,0,1,5,,"95% kelp, one or two pebbles visible --- low to ok vis",,,,,,
BMSC26_CMA6.5m24042024HosieSouth,16,Only Kelp,"4, 2",0,0,1,2,,99% kelp with tiny patch of sand visibile --- low to ok vis,,,,,,
BMSC26_CMA6.5m24042024HosieSouth,17,3,"4, 2",0,1,5,1,,"75% large cobble, 20% kelp/algae, 5% sand -- ok vis",,,,,,
BMSC26_CMA6.5m24042024HosieSouth,18,3,"4, 2",0,0,1,5,,60% kelp and 40% cobble --- low vis,,,,,,
BMSC26_CMA6.5m24042024HosieSouth,19,3,"4, 2",0,0,1,4,,95% kelp and a couple of pebbles --- ok vis,,,,,,
BMSC26_CMA6.5m24042024HosieSouth,20,3,"4, 2",0,0,1,5,,95% kelp and a couple of pebbles --- ok vis,,,,,,
BMSC26_CMA6.5m24042024HosieSouth,21,4,"4, 2",0,0,1,7,,60% kelp and 40% solid rock--- ok vis,,,,,,
BMSC26_CMA6.5m24042024HosieSouth,22,Only Kelp,"4, 2",0,0,1,2,,"80% kelp and 10% sand, a couple of pebbles --- ok vis",,,,,,
BMSC26_CMA6.5m24042024HosieSouth,23,4,"4, 2",0,0,7,1,,"70% solid rock, 10% kelp 5% sand and 5% pebble --- ok vis",,,,,,
BMSC26_CMA6.5m24042024HosieSouth,24,2,"4, 2",0,0,2,1,,"40% sand 40% kelp 20% solid rock --- low vis,  maybe a couple snails but too murky to be sure",,,,,,
BMSC26_CMA6.5m24042024HosieSouth,25,2,"4, 2",0,0,2,1,,60% kelp and 40% sand --- low vis,,,,,,
BMSC26_CMA6.5m24042024HosieSouth,26,2,"4, 2",0,0,1,2,,95% kelp and one tiny patch of sand --- low vis (dark),,,,,,
BMSC26_CMA6.5m24042024HosieSouth,27,3,"4, 2",0,0,1,5,,"90% kelp and 8% cobble, very little sand --- low vis",,,,,,
BMSC26_CMA6.5m24042024HosieSouth,28,3,"4, 2",0,0,1,4,,99% kelp with two pebbles --- low vis,,,,,,
BMSC26_CMA6.5m24042024HosieSouth,29,3,"4, 2",0,0,1,5,,95% kelp with a couple of large cobbles --- low vis,,,,,,
BMSC26_CMA6.5m24042024HosieSouth,30,4,"4, 2",0,0,7,2,,80% solid rock with 10% sand and just slightly less kelp --- low vis,,,,,,
BMSC26_CMA6.5m24042024HosieSouth,31,4,"4, 2",0,1,1,6,,"95% kelp with on small boulder, snail on the kelp --- low vis",,,,,,
BMSC26_CMA6.5m24042024HosieSouth,32,4,"4, 2",0,0,7,1,,50% solid rock and 30% kelp --- low vis,,,,,,
BMSC26_CMA6.5m24042024HosieSouth,33,4,"4, 2",0,0,7,5,,60% solid rock/boulder and 30% cobble -- low to ok vis,,,,,,
BMSC27_VDG8.5m3052024SanJoseNorthIsland,3,4,"4, 3",0,1,7,7,,100% solid rock slab --- ok vis,,2,68,,,
BMSC27_VDG8.5m3052024SanJoseNorthIsland,4,4,"4, 3",1,0,7,2,,"99% solid rock slab with a light dusting of sand in one spot, one more urchin visible but just spines --- ok vis",,,,,,
BMSC27_VDG8.5m3052024SanJoseNorthIsland,5,4,"4, 3",3,0,7,2,,"95% solid rock with some sand covering parts, 2 of the urchins are black to purple but have long spines (need to confirm) --- ok vis",,,,,,
BMSC27_VDG8.5m3052024SanJoseNorthIsland,6,4,"4, 3",1,0,7,3,,"90% solid rock with a some patches covered by shell hash and a little sand, two more urchins only visible by spines --- good vis",,,,,,
BMSC27_VDG8.5m3052024SanJoseNorthIsland,7,4,"4, 3",0,0,7,2,,95% solid rock with a little sand covering parts --- good vis,,,,,,
BMSC27_VDG8.5m3052024SanJoseNorthIsland,8,4,"4, 3",1,0,7,2,,99% solid rock with slight sand on one area --- good vis,,,,,,
BMSC27_VDG8.5m3052024SanJoseNorthIsland,9,4,"4, 3",1,0,7,2,,60% solid rock and 40% sand covering -- good vis,,,,,,
BMSC27_VDG8.5m3052024SanJoseNorthIsland,10,4,"4, 3",3,0,7,2,,"99% solid rock with very small patches of sand, 2 more urchins visible only by spines --- good vis",,,,,,
BMSC27_VDG8.5m3052024SanJoseNorthIsland,11,4,"4, 3",2,0,7,2,,70% solid rock with a line of 20-30% sand in the middle --- good vis,,,,,,
BMSC27_VDG8.5m3052024SanJoseNorthIsland,12,4,"4, 3",2,0,7,2,,"90% solid rock with a patch of 10% sand, one urchin is black --- good vis",,,,,,
BMSC27_VDG8.5m3052024SanJoseNorthIsland,13,4,"4, 3",0,0,7,2,,95% solid rock with a little sand covering parts -- good vis,,,,,,
BMSC27_VDG8.5m3052024SanJoseNorthIsland,14,2,"4, 3",0,0,2,2,,100% sand --- good vis,,,,,,
BMSC27_VDG8.5m3052024SanJoseNorthIsland,15,,"4, 3",n/a,,n/a,n/a,,"not a proper transect photo, side view of swimming nudibranch",,,,,,
BMSC27_VDG8.5m3052024SanJoseNorthIsland,16,3,"4, 3",1,0,6,2,,"55% boulders and 25% sand, also some solid rock --- good vis",,,,,,
BMSC27_VDG8.5m3052024SanJoseNorthIsland,17,4,"4, 3",2,0,7,7,,"100% solid rock slab, 1 more urchin with only spines visible, one urchin black, --- good vis",,,,,,
BMSC27_VDG8.5m3052024SanJoseNorthIsland,18,4,"4, 3",2,0,7,7,,"100% solid rock slab, the urchins are dark but have red --- good vis",,,,,,
BMSC27_VDG8.5m3052024SanJoseNorthIsland,19,4,"4, 3",0,0,6,2,,"70% boulders, 15% sand, 2 urchins only visible by spines, lots of cucumaria blocking substrate --- good vis",,,,,,
BMSC27_VDG8.5m3052024SanJoseNorthIsland,20,4,"4, 3",2,0,7,2,,"99% solid rock with a very tiny patch with some sand on top --- low vis, camera shaky",,,,,,
BMSC27_VDG8.5m3052024SanJoseNorthIsland,21,3,"4, 3",0,0,5,2,,80% cobble with 15% sand with some shells in it --- good vis,,,,,,
BMSC27_VDG8.5m3052024SanJoseNorthIsland,22,3,"4, 3",2,0,2,5,,"40% sand spread throughout with 33% cobble and slighlty smaller patch of solid rock, at least five small fish (maybe black eye), 1 urchin visible just by spines, one urchin black --- good vis",,,,,,
BMSC27_VDG8.5m3052024SanJoseNorthIsland,23,4,"4, 3",1,1,7,5,,"70% solid rock 20% cobble and 10% sand, 1 more urchin visible just with spines, --- good vis",,,,,,
BMSC27_VDG8.5m3052024SanJoseNorthIsland,24,4,"4, 3",1,0,7,2,,"55% solid rock with 30% sand, also a few cobbles --- good vis",,,,,,
BMSC27_VDG8.5m3052024SanJoseNorthIsland,25,4,"4, 3",1,0,7,2,,"95% solid rock with small patches of sand throughout, ---- good vis",,,,,,
BMSC27_VDG8.5m3052024SanJoseNorthIsland,26,4,"4, 3",0,0,7,2,,99% solid rock with very small patches of sand ----good vis,,,,,,
BMSC6_EGL11m22042024BaeriaRocksSouth,3,4,"4, 3",2,1,7,3,,60% solid rock with 30% shell hash throughout and a small patch of sand --- good vis,,15,3,,,
BMSC6_EGL11m22042024BaeriaRocksSouth,4,3,"4, 3",1,4,6,3,,50% boulders with 40% shell hash --- good vis,,,,,,
BMSC6_EGL11m22042024BaeriaRocksSouth,5,3,"4, 3",1,0,6,3,,55% boulders and 30% fine shell hash --- good vis,,,,,,
BMSC6_EGL11m22042024BaeriaRocksSouth,6,3,"4, 3",1,4,6,3,,"60% boulders with 40% shell hash spread throughout, urchin with black spines,  ---- good vis",,,,,,
BMSC6_EGL11m22042024BaeriaRocksSouth,7,4,"4, 3",1,0,7,3,,"80% solid rock with 15 % shell hash, one more urchin visible with just spines, lots of cucumaria --- ok to good vis",,,,,,
BMSC6_EGL11m22042024BaeriaRocksSouth,8,3,"4, 3",1,1,3,6,,"40% shell hash with 39% boulders, multiple large metridium---- good vis",,,,,,
BMSC6_EGL11m22042024BaeriaRocksSouth,9,3,"4, 3",4,0,6,3,,55% boulders with 40% shell hash --- low to ok vis,,,,,,
BMSC6_EGL11m22042024BaeriaRocksSouth,10,4,"4, 3",1,0,6,3,,"70% boulders and 20% shell hash, large metridium and some cucumaria present --- ok vis",,,,,,
BMSC6_EGL11m22042024BaeriaRocksSouth,11,4,"4, 3",1,1,7,2,,"95% solid rock with a small pocket of sandy sediment, the urchin is hidden in the bottom left --- ok vis",,,,,,
BMSC6_EGL11m22042024BaeriaRocksSouth,12,4,"4, 3",3,0,7,6,,"70% solid rock and 20% boulders and 10% shell hash, one of the urchins is black --- ok vis",,,,,,
BMSC6_EGL11m22042024BaeriaRocksSouth,13,4,"4, 3",1,1,6,3,,95% boulders with some pockets of shell hash --- ok vis in foreground and low vis in background,,,,,,
BMSC6_EGL11m22042024BaeriaRocksSouth,14,3,"4, 3",1,0,3,6,,"85% shell hash with the rest being boulders poking through, urchin is black --- ok vis",,,,,,
BMSC6_EGL11m22042024BaeriaRocksSouth,15,3,"4, 3",2,0,3,6,,51% shell hash and 49% boulders --- ok vis,,,,,,
BMSC6_EGL11m22042024BaeriaRocksSouth,16,4,"4, 3",0,0,7,3,,40% solid rock with 20% shell hash and some large cobbles --- good vis,,,,,,
BMSC6_EGL11m22042024BaeriaRocksSouth,17,3,"4, 3",2,1,7,3,,51% solid rock and 49% shell hash --- ok vis,,,,,,
BMSC6_EGL11m22042024BaeriaRocksSouth,18,3,"4, 3",4,0,3,5,,"40% shell hash with 20% large cobbles and a couple of boulders, two of the urchins are black --- ok vis",,,,,,
BMSC6_EGL11m22042024BaeriaRocksSouth,19,4,"4, 3",2,1,7,7,,100% solid rock -- ok vis,,,,,,
BMSC6_EGL11m22042024BaeriaRocksSouth,20,4,"4, 3",0,1,7,2,,98% solid rock with one tiny patch of sand in the background --- good vis,,,,,,
BMSC6_EGL11m22042024BaeriaRocksSouth,21,4,"4, 3",5,0,7,5,,"55% solid rock with 10% small cobbles and then a mix of sand and shell hash, two of the urchins are purple ---- ok vis",,,,,,
BMSC6_EGL11m22042024BaeriaRocksSouth,22,4,"4, 3",7,0,7,7,,"Almost 100% solid rock except for a couple of large anthopleura , one of the urchins is black --- low to ok vis",,,,,,
BMSC6_EGL11m22042024BaeriaRocksSouth,23,4,"4, 3",1,0,7,3,,92% solid rock and 8% shell hash --- ok vis,,,,,,
BMSC11_CMA7.5m26042024WizardIslandSouth,2,2,"4, 2",0,0,2,7,,55% sand with 45% solid rock --- ok vis,lots of small sculpins and blackeye gobies in many of the photos in this transect,7,33,,,
BMSC11_CMA7.5m26042024WizardIslandSouth,3,4,"4, 2",2,0,7,2,,"90% solid rock and 10% sand, urchins are black  --- ok vis",,,,,,
BMSC11_CMA7.5m26042024WizardIslandSouth,4,4,"4, 2",2,0,7,2,,"95% solid rock and 5 % sand, urchins are black --- ok vis",,,,,,
BMSC11_CMA7.5m26042024WizardIslandSouth,5,4,"4, 2",5,0,7,2,,"85% solid rock and 15% sand in small patches,  2 of the urchins are black --- low to ok vis",,,,,,
BMSC11_CMA7.5m26042024WizardIslandSouth,6,4,"4, 2",3,0,7,2,,"90% solid rock with 10% sand, 3 hermissenda, 2 of the urchins are black --- low to ok vis",,,,,,
BMSC11_CMA7.5m26042024WizardIslandSouth,7,2,"4, 2",0,0,2,7,,75% sand  and 25% solid rock --- low vis,,,,,,
BMSC11_CMA7.5m26042024WizardIslandSouth,8,2,"4, 2",1,0,2,4,,"95% sand with some pebbles spread throughout, ----- low vis",,,,,,
BMSC11_CMA7.5m26042024WizardIslandSouth,9,2,"4, 2",1,1,2,3,,99% sand with a few pieces of shells --- low vis,,,,,,
BMSC11_CMA7.5m26042024WizardIslandSouth,10,2,"4, 2",0,0,2,3,,99% sand with a few pieces of shells and one cobble ---- very low vis,,,,,,
BMSC11_CMA7.5m26042024WizardIslandSouth,11,2,"4, 2",3,0,2,7,,"60% sand and 40% solid rock, urchins on the solid rock and are black ---- low vis",,,,,,
BMSC11_CMA7.5m26042024WizardIslandSouth,12,2,"4, 2",1,1,7,2,,"99% solid rock with one part with a slight dusting of sand, one urhcin visible only by spines, --- ok vis",,,,,,
BMSC11_CMA7.5m26042024WizardIslandSouth,13,4,"4, 2",2,0,7,2,,"80% solid rock with 20% sand interspersed throughout, 2 urchins visible only by spines, one urchin black ---- ok vis",,,,,,
BMSC11_CMA7.5m26042024WizardIslandSouth,14,3,"4, 2",2,0,2,6,,"50% sand with 40% boulder and some solid rock, one urchin black --- ok vis",,,,,,
BMSC11_CMA7.5m26042024WizardIslandSouth,15,4,"4, 2",0,0,7,2,,"90% solid rock with 10% sand interspersed throughout, --- ok vis",,,,,,
BMSC11_CMA7.5m26042024WizardIslandSouth,16,4,"4, 2",1,1,7,2,,"90% solid rock with 10% sand interspersed throughout,  one urchin visible only by spine, urchin black--- ok vis",,,,,,
BMSC11_CMA7.5m26042024WizardIslandSouth,17,4,"4, 2",5,0,7,2,,"60% solid rock and 35% sand with some shell hash within, one urchin visible by only spines(bottom of photo), --- ok vis",,,,,,
BMSC11_CMA7.5m26042024WizardIslandSouth,18,2,"4, 2",2,1,2,6,,65% sand with boulders interspersed throughout --- low to ok vis,,,,,,
BMSC11_CMA7.5m26042024WizardIslandSouth,19,4,"4, 2",3,0,7,2,,"90% solid rock with 8% sand and some shells mixed in, one urchin visible only by spines --- ok vis",,,,,,
BMSC11_CMA7.5m26042024WizardIslandSouth,20,4,"4, 2",2,0,7,7,,"100% solid rock, --- low to ok vis",check on the gastropod in the bottom right corner,,,,,
BMSC11_CMA7.5m26042024WizardIslandSouth,21,4,"4, 2",3,1,7,2,,"60% solid rock and 40% sand with a few shells mixed in, 2 urchins only visible by their spines, --- ok vis",,,,,,
BMSC11_CMA7.5m26042024WizardIslandSouth,22,2,"4, 2",5,0,2,5,,"70% sand with 20% cobble and some solid rock mixed in, one urchin visible only by spines --- ok vis",,,,,,
BMSC11_CMA7.5m26042024WizardIslandSouth,23,4,"4, 2",4,1,7,2,,"95% solid rock with some sand in patches throughout, one urchin visible only by spines --- ok vis",,,,,,
BMSC11_CMA7.5m26042024WizardIslandSouth,24,2,"4, 2",4,0,7,2,,"60% solid rock and 40% sand, urchins are black, ---- low to ok vis",,,,,,
BMSC11_CMA7.5m26042024WizardIslandSouth,25,4,"4, 2",4,0,7,2,,"97% solid rock with one small patch of sand, one urchin black, one urchin visible only by spines --- ok vis",,,,,,
BMSC11_CMA7.5m26042024WizardIslandSouth,26,4,"4, 2",5,0,6,2,,"85% boulders and 15% sand, 3 black urchins, ---- low vis",,,,,,
BMSC11_CMA7.5m26042024WizardIslandSouth,27,4,"4, 2",5,1,7,2,,"90% solid rock and 8% sand and some shell hash, one black urchin --- ok vis",,,,,,
BMSC11_CMA7.5m26042024WizardIslandSouth,28,4,"4, 2",4,0,7,2,,"96% solid rock and small patches of sand, 2 black urchins, 4 urchins visible only by spines, --- low to ok vis",,,,,,
BMSC11_CMA7.5m26042024WizardIslandSouth,29,4,"4, 2",8,0,7,2,,"96% solid rock and small patches of sand, 1 black urchin, --- ok vis",,,,,,
BMSC11_CMA7.5m26042024WizardIslandSouth,30,3,"4, 2",3,0,3,5,,"45% shell hash, 30% cobble, one boulder, one black urchin --- ok vis",,,,,,
BMSC11_CMA7.5m26042024WizardIslandSouth,31,2,"4, 2",1,0,3,5,,95% shell hash with one medium sized cobble --- ok vis,,,,,,
BMSC11_CMA7.5m26042024WizardIslandSouth,32,4,"4, 2",2,0,7,3,,"95% solid rock with two patches of shell hash, one of them is quite fine close to sand --- low to ok vis",,,,,,
BMSC11_CMA7.5m26042024WizardIslandSouth,33,4,"4, 2",2,0,7,7,,"100% solid rock, one black urchin --- ok vis",,,,,,
BMSC6_TB9m22042024BaeriaRocksSouth,4,4,"4, 3",5,6,7,7,,"100% solid rock, one urchin visible only by spines, 2 black urchins, --- ok vis",,27,99,,,
BMSC6_TB9m22042024BaeriaRocksSouth,5,4,"4, 3",6,1,7,7,,"100% solid rock, --- low to ok vis",,,,,,
BMSC6_TB9m22042024BaeriaRocksSouth,6,4,"4, 3",3,0,7,7,,100% solid rock --- low vis,,,,,,
BMSC6_TB9m22042024BaeriaRocksSouth,7,4,"4, 3",3,1,7,2,,"95% solid rock with a small pocket of sand,  ---low vis in front and poor vis in the background",,,,,,
BMSC6_TB9m22042024BaeriaRocksSouth,8,4,"4, 3",3,3,7,2,,"98% solid rock with a small pocket of sand, --- llow vis to poor vis in background",,,,,,
BMSC6_TB9m22042024BaeriaRocksSouth,9,4,"4, 3",4,2,7,2,,"98% solid rock with one small pocket of sand, one urchin visible only by spines, one black urchin, --- poor to low vis",,,,,,
BMSC6_TB9m22042024BaeriaRocksSouth,10,3,"4, 3",7,3,6,3,,"85% boulders with shell hash mixed in throughout, --- low vis",,,,,,
BMSC6_TB9m22042024BaeriaRocksSouth,11,4,"4, 3",5,3,6,3,,"90% boulders with shell hash mixed in, one black urchin, one green urchin (other species), --- low vis",,,,,,
BMSC6_TB9m22042024BaeriaRocksSouth,12,3,"4, 3",3,0,6,3,,"85% boulders with shell hash mixed in , one urchin visible only by spines, --- low vis",,,,,,
BMSC6_TB9m22042024BaeriaRocksSouth,13,3,"4, 3",7,0,6,3,,"60% boulders and 40% shell hash, --- poor vis",,,,,,
BMSC6_TB9m22042024BaeriaRocksSouth,14,4,"4, 3",4,2,6,2,,"98% boulders with a small pocket of sand, one urchin visible only by spines, --- poor vis",,,,,,
BMSC6_TB9m22042024BaeriaRocksSouth,15,4,"4, 3",3,0,6,3,,"80% boulders with 20% sand, --- poor vis",,,,,,
BMSC6_TB9m22042024BaeriaRocksSouth,16,4,"4, 3",4,0,6,3,,"90% boulders with shell hash mixed in, possibly on eurchin visible only by spines, --- very poor vis",,,,,,
BMSC6_TB9m22042024BaeriaRocksSouth,17,4,"4, 3",3,0,6,3,,"80% boulders with 15% shell hash and some sand, --- poor vis",,,,,,
BMSC6_TB9m22042024BaeriaRocksSouth,18,3,"4, 3",9,1,3,6,,"60% shell hash with 30% boulders and then a few cobbles, lots of cucu, --- poor vis",,,,,,
BMSC6_TB9m22042024BaeriaRocksSouth,19,4,"4, 3",7,0,6,3,,"85% boulders with 15% shell hash, 4 black urchins, one urchin visible only by spines, --- low vis",,,,,,
BMSC6_TB9m22042024BaeriaRocksSouth,20,4,"4, 3",5,0,7,7,,"100% solid rock, 2 black urchins, --- low to ok vis",,,,,,
BMSC6_TB9m22042024BaeriaRocksSouth,21,4,"4, 3",7,1,7,5,,"50% solid rock, 40% cobbles and remainder shell hash, one urchin visible by spines only, 3 black urchins, --- low vis",,,,,,
BMSC6_TB9m22042024BaeriaRocksSouth,22,3,"4, 3",4,0,6,3,,"40% boulders , 30% shell hash and then some cobbles, lots of cucu, --- poor vis",,,,,,
BMSC6_TB9m22042024BaeriaRocksSouth,23,4,"4, 3",2,0,6,3,,"55% boulders and 45% shell hash, one urchin visible only by spines, --- poor vis",,,,,,
BMSC6_TB9m22042024BaeriaRocksSouth,24,3,"4, 3",8,0,6,3,,"55% boulders and 40% shell hash and a couple of cobbles, 5 black urchins, --- poor vis",,,,,,
BMSC6_TB9m22042024BaeriaRocksSouth,25,3,"4, 3",1,0,3,6,,"65% shell hash and 35% boulder,  --- low vis",,,,,,
BMSC6_TB9m22042024BaeriaRocksSouth,26,3,"4, 3",3,0,6,3,,"80% boulders and 20% shell hash, ---- poor to low vis",,,,,,
BMSC6_TB9m22042024BaeriaRocksSouth,27,not visible,"4, 3",0,0,7,2,,"65% solid rock and what appears to be pockets of sand, --- extremely poor vis, not possible to identify animals",,,,,,
BMSC6_TB9m22042024BaeriaRocksSouth,28,4,"4, 3",7,4,7,7,,"100% solid rock, 2 urchins visible only by spines --- very poor in background to low vis in foreground",,,,,,
BMSC11_TB5m26042024WizardS,3,4,"4, 2",2,0,7,7,,"100% solid rock, one ruchin visible by only spines, ---ok vis",,23,262,,,
BMSC11_TB5m26042024WizardS,4,4,"4, 2",3,7,7,2,,"95% solid rock with some pockets of sand, all the snails are quite small (maybe not PGI), one urchin visible only by spines, one black urchin --- good vis",,,,,,
BMSC11_TB5m26042024WizardS,5,4,"4, 2",3,0,7,2,,"99% solid rock with a small patch of sand, 2 black urchins, --- good vis",,,,,,
BMSC11_TB5m26042024WizardS,6,4,"4, 2",2,0,7,7,,"100% solid rock, 2 black urchins, --- poor vis because photo out of focus",,,,,,
BMSC11_TB5m26042024WizardS,7,4,"4, 2",1,0,7,2,,"99% solid rock with a pocket of sand, one black urchin, --- low vis, out of focus",,,,,,
BMSC11_TB5m26042024WizardS,8,4,"4, 2",2,1,7,2,,"99% solid rock and a pocket of sand, --- ok vis",,,,,,
BMSC11_TB5m26042024WizardS,9,4,"4, 2",7,0,7,2,,"95% solid rock with some sand in troughs, 4 black urchins -- ok vis",,,,,,
BMSC11_TB5m26042024WizardS,10,4,"4, 2",4,3,7,2,,"90% solid rock with pockets of sand, one urchin visible only by spines, --- good vis",,,,,,
BMSC11_TB5m26042024WizardS,11,4,"4, 2",5,0,7,2,,"99% solid rock with one patch of sand covering, one urchin visible only by spines, -- low to ok vis",,,,,,
BMSC11_TB5m26042024WizardS,12,4,"4, 2",3,2,7,2,,"97% solid rock with a few small patches of sand, one black urchin, ---- ok vis",,,,,,
BMSC11_TB5m26042024WizardS,13,4,"4, 2",4,2,7,7,,"100% sold rock, one black urchin, 3 urchins visible only by spines --- good vis",,,,,,
BMSC11_TB5m26042024WizardS,14,4,"4, 2",5,0,7,2,,"95% solid rock with a patch of sand, one black urchin, 2 urchins visible only by spines, --- good vis",,,,,,
BMSC11_TB5m26042024WizardS,15,2,"4, 2",6,1,2,7,,"80% sand with the rest solid rock, 2 black urchins, 2 urchins only visibly by spines, multiple broken PGI shells, --- ok vis",,,,,,
BMSC11_TB5m26042024WizardS,16,4,"4, 2",12,2,7,4,,"80% solid rock and 15% pebbles, some sand, 4 black urchins, 2 urchins only visible by spines, lots of small urchins, -- ok vis",,,,,,
BMSC11_TB5m26042024WizardS,17,4,"4, 2",9,3,7,7,,"100% solid rock, 5 black urchins, 2 urhcins visible only by spines, --- ok to good vis",,,,,,
BMSC11_TB5m26042024WizardS,18,4,"4, 2",5,1,7,2,,"99% solid rock with a tiny dusting of sand in some spots, 2 black urchins, --- good vis",,,,,,
BMSC11_TB5m26042024WizardS,19,4,"4, 2",2,1,7,2,,"98% solid rock with some dusting of sand throughout, 2 urchins visible only by spines, --- good vis",,,,,,
BMSC1_CMA5m25042024DodgerChannel,2,3,"4, 3",0,3,4,7,,80% pebbles with a large chunk of solid rock -- good vis,,190,274,,,
BMSC1_CMA5m25042024DodgerChannel,3,3,"4, 3",1,3,7,3,,"96% solid rock with some small patch of sand, one black urchin, one urchin visible only by spines --- good vis",,,,,,
BMSC1_CMA5m25042024DodgerChannel,4,4,"4, 3",4,1,7,7,,"100% solid rock, one black urchin,--- good vis",,,,,,
BMSC1_CMA5m25042024DodgerChannel,5,3,"4, 3",8,0,6,1,,"70% boulders and lots of kelp, 7 black urchins, one urchin only visible by spines, --- ok vis",,,,,,
BMSC1_CMA5m25042024DodgerChannel,6,4,"4, 3",8,9,1,7,,"51% kelp overtop of solid rock,  3 black urchins, --- ok vis",,,,,,
BMSC1_CMA5m25042024DodgerChannel,7,4,"4, 3",13,16,7,1,,"60% solid rock and 40% kelp overtop, 6 black urchins, --- good vis",,,,,,
BMSC1_CMA5m25042024DodgerChannel,8,3,"4, 3",7,3,6,2,,"60% boulders with a patch of sand in the middle, 5 black urchins, one urchin visible only by spines, good vis",,,,,,
BMSC1_CMA5m25042024DodgerChannel,9,4,"4, 3",4,0,7,7,,"100% solid rock, two black urchins, one urchin visible only by spines, --- good vis",,,,,,
BMSC1_CMA5m25042024DodgerChannel,10,4,"4, 3",2,2,7,6,,"85% solid rock with a few boulders,  2 black urchins,  -- good vis",,,,,,
BMSC1_CMA5m25042024DodgerChannel,11,4,"4, 3",3,0,7,7,,"100% solid rock, 2 black urchins, 1 large pisaster, --- good vis",,,,,,
BMSC1_CMA5m25042024DodgerChannel,12,4,"4, 3",5,3,7,7,,"100% solid rock, 2 urchins visible only by spines, --- good vis",,,,,,
BMSC1_CMA5m25042024DodgerChannel,13,4,"4, 3",6,5,7,7,,"100% solid rock, 4 black urchins, 1 medium pycnopodia, --- good vis",,,,,,
BMSC1_CMA5m25042024DodgerChannel,14,4,"4, 3",7,27,7,1,,"90% solid rock with some kelp stipes and blades, (one possible purple urchin), one urchin only visible by spines, ---ok vis",,,,,,
BMSC1_CMA5m25042024DodgerChannel,15,4,"4, 3",7,4,7,1,,"95% solid rock with some kelp, one urchin visible only by spines, 4 black urchins, --- good vis",,,,,,
BMSC1_CMA5m25042024DodgerChannel,16,4,"4, 3",6,0,7,7,,"100% solid rock, 3 black urchins, urchins eating drift kelp, --- ok vis",,,,,,
BMSC1_CMA5m25042024DodgerChannel,17,4,"4, 3",10,8,7,1,,"60% solid rock with 40% covered by kelp, 1 black urchin, onw urchin visible by spines only, --- good vis",,,,,,
BMSC1_CMA5m25042024DodgerChannel,18,4,"4, 3",1,1,7,7,,"100% solid rock, one black urchin, one urchin visible by spines only, --- good vis",,,,,,
BMSC1_CMA5m25042024DodgerChannel,19,4,"4, 3",3,3,7,7,,"100% solid rock, 2 black urchins, one urchin visible by spines only, --- good vis",,,,,,
BMSC1_CMA5m25042024DodgerChannel,20,4,"4, 3",2,4,7,6,,"60% solid rock with 35% boulders, some sand as well, one black urchin, one urchin visible only by spines, --- good vis",,,,,,
BMSC1_CMA5m25042024DodgerChannel,21,4,"4, 3",3,9,7,7,,"100% solid rock,  1 black urchin,  ---- good vis",,,,,,
BMSC1_CMA5m25042024DodgerChannel,22,4,"4, 3",2,3,7,7,,"100% solid rock, one black urchin, one urchin visible by spines only, --- good vis",,,,,,
BMSC1_CMA5m25042024DodgerChannel,23,4,"4, 3",4,70,7,3,,"75% solid rock with 25% shell hash in one large strip, one black urchin, one urchin visible only by spines, --- ok to good vis",So many snails in this one that is impossible to count them all,,,,,
BMSC1_CMA5m25042024DodgerChannel,24,4,"4, 3",0,16,7,7,,"100% solid rock, lots of upright corallines, one urchin visible by spines only, --- good vis",,,,,,
BMSC25_EGL6m23042024GobyTown,3,3,"3, 4",0,0,4,5,,"80% pebbles with a large cobble, --- good vis",,12,17,,,
BMSC25_EGL6m23042024GobyTown,4,4,"3, 4",0,2,7,2,,"80% solid rock with a patch of sandy sediment in the background, -- good vis",,,,,,
BMSC25_EGL6m23042024GobyTown,5,3,"3, 4",1,0,5,2,,"95% cobble with a small patch of sand, one black urchin, --- ok vis",,,,,,
BMSC25_EGL6m23042024GobyTown,6,3,"3, 4",0,1,5,6,,"75% cobble with one boulder, one urchin oof, --- good vis",,,,,,
BMSC25_EGL6m23042024GobyTown,7,3,"3, 4",0,0,5,5,,"100% cobble, lots of cucu, --- good vis",,,,,,
BMSC25_EGL6m23042024GobyTown,8,3,"3, 4",1,0,5,5,,"100% cobble, lots of cucu, one urchin oof, --- good vis",,,,,,
BMSC25_EGL6m23042024GobyTown,9,3,"3, 4",0,0,6,5,,"50% boulders and 45% cobble, lots of cucu, one urchin oof, -- good vis",,,,,,
BMSC25_EGL6m23042024GobyTown,10,3,"3, 4",4,2,6,5,,"90% boulders with a few cobbles on top, --- ok vis",,,,,,
BMSC25_EGL6m23042024GobyTown,11,3,"3, 4",2,0,6,2,,"90% boulders with a patch of sand and a couple cobbles, one black urchin,  -- good vis",,,,,,
BMSC25_EGL6m23042024GobyTown,12,4,"3, 4",1,1,6,6,,"100% boulders, one urchin oof, --- good vis",,,,,,
BMSC25_EGL6m23042024GobyTown,13,4,"3, 4",2,0,6,6,,"100% boulders, one urchin oof, -- good vis",,,,,,
BMSC25_EGL6m23042024GobyTown,14,4,"3, 4",0,0,5,2,,"95% larrge cobble with a couple patches of sand, -- good vis",,,,,,
BMSC25_EGL6m23042024GobyTown,15,3,"3, 4",1,0,5,2,,"90% cobble of a range of sizes with a couples patches of sand, --- ok to good vis",,,,,,
BMSC25_EGL6m23042024GobyTown,16,3,"3, 4",0,1,5,5,,"100% cobble, lots of cucu -- good vis",,,,,,
BMSC25_EGL6m23042024GobyTown,17,3,"3, 4",1,0,6,5,,"70% boulders with a section of some cobble and a little bi tof sand,  --- good vis",,,,,,
BMSC25_EGL6m23042024GobyTown,18,4,"3, 4",2,0,7,2,,"60% solid rock and 25% sand, --- ok vis",,,,,,
BMSC25_EGL6m23042024GobyTown,19,4,"3, 4",0,0,6,5,,"90% boulders and some cobble and pebbles mixed in the troughs, one urchin oof, --- good vis",,,,,,
BMSC25_EGL6m23042024GobyTown,20,4,"3, 4",2,0,7,6,,"90% solid rock with a couple of boulders, one black urchin, --- good vis",,,,,,
BMSC25_EGL6m23042024GobyTown,21,3,"3, 4",2,4,5,2,,"60% cobbles and 40% sand, one black urchin, --- good vis",,,,,,
BMSC25_EGL6m23042024GobyTown,22,3,"3, 4",0,1,6,5,,"55% boulders and 45% cobbles, --- good vis",,,,,,
BMSC25_EGL6m23042024GobyTown,23,4,"3, 4",0,0,6,4,,"90% boulders and some patches of cobbles, one urchin oof, --- good vis",,,,,,
BMSC8_TB7m22042024BaeriaRocksNorth,4,3,"3, 4",2,8,4,3,,"50% shell hash and roughly 50% pebbles, one urchin oof, --- ok vis",,137,362,,,
BMSC8_TB7m22042024BaeriaRocksNorth,5,3,"3, 4",4,7,4,3,,"40% shell hash and 50% pebbles, one large boulder, 2 black urchins, --- ok vis",,,,,,
BMSC8_TB7m22042024BaeriaRocksNorth,6,3,"3, 4",9,8,5,3,,"40% cobbles, 30% shell hash and some boulders, -- ok vis",,,,,,
BMSC8_TB7m22042024BaeriaRocksNorth,7,3,"3, 4",2,5,5,4,,"40% cobbles, 40% pebbles and 20% shell hash, --- ok vis",,,,,,
BMSC8_TB7m22042024BaeriaRocksNorth,8,3,"3, 4",3,2,5,3,,"65% cobbles, with around 30% shell hash, one urchin oof, --- low vis",,,,,,
BMSC8_TB7m22042024BaeriaRocksNorth,9,3,"3, 4",3,0,5,6,,"75% cobble and one large boulder around 20%, --- very poor vis",,,,,,
BMSC8_TB7m22042024BaeriaRocksNorth,10,3,"3, 4",5,3,5,3,,"70% cobble with 30% shell hash, --- low to ok vis",,,,,,
BMSC8_TB7m22042024BaeriaRocksNorth,11,3,"3, 4",6,12,5,3,,"80% cobble and 20% shell hash, -- ok vis",,,,,,
BMSC8_TB7m22042024BaeriaRocksNorth,12,3,"3, 4",1,2,5,3,,"70% cobble, 30% shell hash, --- ok vis",,,,,,
BMSC8_TB7m22042024BaeriaRocksNorth,13,3,"3, 4",3,0,4,3,,"60% pebble and 40% shell hash, --- ok vis",,,,,,
BMSC8_TB7m22042024BaeriaRocksNorth,14,3,"3, 4",6,5,4,3,,"50% pebbles, 30% shell hash, and 20% cobbles, -- low vis",,,,,,
BMSC8_TB7m22042024BaeriaRocksNorth,15,3,"3, 4",9,0,3,4,,"50% shell hash, 50% pebbles, -- poor vis",,,,,,
BMSC8_TB7m22042024BaeriaRocksNorth,16,3,"3, 4",3,5,4,3,,"80% pebbles with 20% shell hash, one urchin oof, --- ok vis",,,,,,
BMSC8_TB7m22042024BaeriaRocksNorth,17,3,"3, 4",7,0,4,3,,"50% pebbles, 30% shell hash and 20% boulder, one urchin oof, -- low vis",,,,,,
BMSC8_TB7m22042024BaeriaRocksNorth,18,3,"3, 4",5,10,5,3,,"50% cobbles, 30% shell hash, and 20% pebbles, --- ok vis",,,,,,
BMSC8_TB7m22042024BaeriaRocksNorth,19,3,"3, 4",2,1,6,5,,"55% boulders, 30% cobbles and remainder shell hash, --- ok vis",,,,,,
BMSC8_TB7m22042024BaeriaRocksNorth,20,3,"3, 4",3,14,3,5,,"50% shell hash, 545% cobbles, --- ok vis",,,,,,
BMSC8_TB7m22042024BaeriaRocksNorth,21,3,"3, 4",2,2,6,5,,"80% boulders, 15% cobbles.,  5% shell hash, --- low to ok vis",,,,,,
BMSC8_TB7m22042024BaeriaRocksNorth,22,3,"3, 4",7,7,6,5,,"50% boulders, 25% cobbles and 25% shell hash, -- low to ok vis",,,,,,
BMSC8_TB7m22042024BaeriaRocksNorth,23,3,"3, 4",7,2,4,5,,"40% pebbles, 35% cobbles, and 25% shell hash --- poor to low vis",,,,,,
BMSC8_TB7m22042024BaeriaRocksNorth,24,4,"3, 4",5,1,6,5,,70% boulder and 35% cobbles and some shells,,,,,,
BMSC8_TB7m22042024BaeriaRocksNorth,25,3,"3, 4",2,2,7,5,,"50% solid rock, 40% cobbles and remainder shell hash, --- low vis",,,,,,
BMSC8_TB7m22042024BaeriaRocksNorth,26,4,"3, 4",5,1,6,5,,"60% boulder with 40% cobble surrounding, --low to ok vis",,,,,,
BMSC8_TB7m22042024BaeriaRocksNorth,27,4,"3, 4",2,13,6,5,,"75% boulder with 25% cobbles surrounding, --- ok vis",,,,,,
BMSC8_TB7m22042024BaeriaRocksNorth,28,3,"3, 4",1,2,5,5,,"100% cobble with one very large cobble, --- low vis",,,,,,
BMSC8_TB7m22042024BaeriaRocksNorth,29,3,"3, 4",4,5,5,3,,"99% large cobble, little bits of shell hash, --- ok vis",,,,,,
BMSC8_TB7m22042024BaeriaRocksNorth,30,3,"3, 4",3,5,5,3,,"99% large cobble with a little bit of shell hash, --- ok vis",,,,,,
BMSC8_TB7m22042024BaeriaRocksNorth,31,3,"3, 4",1,7,5,3,,"95% cobbles with some shell hash a bit of sand, one urchin oof. --- ok vis",,,,,,
BMSC8_TB7m22042024BaeriaRocksNorth,32,3,"3, 4",1,5,5,2,,"85% cobble with 10% sand and some shell hash, -- ok vis",,,,,,
BMSC8_TB7m22042024BaeriaRocksNorth,33,3,"3, 4",3,0,5,6,,"50% cobble, 30% boulders, 20% sand, one urchin oof, --- ok vis",,,,,,
BMSC8_TB7m22042024BaeriaRocksNorth,34,3,"3, 4",0,0,5,6,,"60% cobble, 20% boulders and 15% sand, some shells, ---- poor vis, out of focus",,,,,,
BMSC8_TB7m22042024BaeriaRocksNorth,35,3,"3, 4",0,3,5,2,,"80% cobble with 10% sand and some shell hash, --- ok vis",,,,,,
BMSC8_TB7m22042024BaeriaRocksNorth,36,3,"3, 4",2,0,5,2,,"80% cobble and 15% sand and some shell hash, --- ok vis","photo shows sand on top of the urchin, maybe illustrating how sandy sediments can be bad for them",,,,,
BMSC5_EGL6.5m23042024TaylorRock,3,4,"4, 3",,,,,,,,,,,,
BMSC5_EGL6.5m23042024TaylorRock,4,4,"4, 3",,,,,,,,,,,,
BMSC5_EGL6.5m23042024TaylorRock,5,3,"4, 3",,,,,,,,,,,,
BMSC5_EGL6.5m23042024TaylorRock,6,4,"4, 3",,,,,,,,,,,,
BMSC5_EGL6.5m23042024TaylorRock,7,4,"4, 3",,,,,,,,,,,,
BMSC5_EGL6.5m23042024TaylorRock,8,3,"4, 3",,,,,,,,,,,,
BMSC5_EGL6.5m23042024TaylorRock,9,4,"4, 3",,,,,,,,,,,,
BMSC5_EGL6.5m23042024TaylorRock,10,4,"4, 3",,,,,,,,,,,,
BMSC5_EGL6.5m23042024TaylorRock,11,4,"4, 3",,,,,,,,,,,,
BMSC5_EGL6.5m23042024TaylorRock,12,4,"4, 3",,,,,,,,,,,,
BMSC5_EGL6.5m23042024TaylorRock,13,4,"4, 3",,,,,,,,,,,,
BMSC5_EGL6.5m23042024TaylorRock,14,4,"4, 3",,,,,,,,,,,,
BMSC5_EGL6.5m23042024TaylorRock,15,4,"4, 3",,,,,,,,,,,,
BMSC5_EGL6.5m23042024TaylorRock,16,4,"4, 3",,,,,,,,,,,,
BMSC5_EGL6.5m23042024TaylorRock,17,4,"4, 3",,,,,,,,,,,,
BMSC5_EGL6.5m23042024TaylorRock,18,4,"4, 3",,,,,,,,,,,,
BMSC5_EGL6.5m23042024TaylorRock,19,4,"4, 3",,,,,,,,,,,,
BMSC5_EGL6.5m23042024TaylorRock,20,4,"4, 3",,,,,,,,,,,,
BMSC5_EGL6.5m23042024TaylorRock,21,4,"4, 3",,,,,,,,,,,,
BMSC5_EGL6.5m23042024TaylorRock,22,4,"4, 3",,,,,,,,,,,,
BMSC5_EGL6.5m23042024TaylorRock,23,4,"4, 3",,,,,,,,,,,,
BMSC4_CMA8.5m29042024Kiixin,2,4,"4, 2",,,,,,,,,,,,
BMSC4_CMA8.5m29042024Kiixin,3,2,"4, 2",,,,,,,,,,,,
BMSC4_CMA8.5m29042024Kiixin,4,2,"4, 2",,,,,,,,,,,,
BMSC4_CMA8.5m29042024Kiixin,5,2,"4, 2",,,,,,,,,,,,
BMSC4_CMA8.5m29042024Kiixin,6,4,"4, 2",,,,,,,,,,,,
BMSC4_CMA8.5m29042024Kiixin,7,4,"4, 2",,,,,,,,,,,,
BMSC4_CMA8.5m29042024Kiixin,8,4,"4, 2",,,,,,,,,,,,
BMSC4_CMA8.5m29042024Kiixin,9,4,"4, 2",,,,,,,,,,,,
BMSC4_CMA8.5m29042024Kiixin,10,4,"4, 2",,,,,,,,,,,,
BMSC4_CMA8.5m29042024Kiixin,11,4,"4, 2",,,,,,,,,,,,
BMSC4_CMA8.5m29042024Kiixin,12,4,"4, 2",,,,,,,,,,,,
BMSC4_CMA8.5m29042024Kiixin,13,4,"4, 2",,,,,,,,,,,,
BMSC4_CMA8.5m29042024Kiixin,14,4,"4, 2",,,,,,,,,,,,
BMSC4_CMA8.5m29042024Kiixin,15,4,"4, 2",,,,,,,,,,,,
BMSC4_CMA8.5m29042024Kiixin,16,4,"4, 2",,,,,,,,,,,,
BMSC4_CMA8.5m29042024Kiixin,17,4,"4, 2",,,,,,,,,,,,
BMSC4_CMA8.5m29042024Kiixin,18,4,"4, 2",,,,,,,,,,,,
BMSC4_CMA8.5m29042024Kiixin,19,4,"4, 2",,,,,,,,,,,,
BMSC4_CMA8.5m29042024Kiixin,20,4,"4, 2",,,,,,,,,,,,
BMSC4_CMA8.5m29042024Kiixin,21,4,"4, 2",,,,,,,,,,,,
BMSC4_CMA8.5m29042024Kiixin,22,4,"4, 2",,,,,,,,,,,,
BMSC4_CMA8.5m29042024Kiixin,23,4,"4, 2",,,,,,,,,,,,
BMSC4_CMA8.5m29042024Kiixin,24,4,"4, 2",,,,,,,,,,,,
BMSC4_CMA8.5m29042024Kiixin,25,4,"4, 2",,,,,,,,,,,,
BMSC4_CMA8.5m29042024Kiixin,26,4,"4, 2",,,,,,,,,,,,
BMSC5_TB6m23042024TaylorRock,3,4,"3, 4",,,,,,,,,,,,
BMSC5_TB6m23042024TaylorRock,4,3,"3, 4",,,,,,,,,,,,
BMSC5_TB6m23042024TaylorRock,5,3,"3, 4",,,,,,,,,,,,
BMSC5_TB6m23042024TaylorRock,6,3,"3, 4",,,,,,,,,,,,
BMSC5_TB6m23042024TaylorRock,7,4,"3, 4",,,,,,,,,,,,
BMSC5_TB6m23042024TaylorRock,8,3,"3, 4",,,,,,,,,,,,
BMSC5_TB6m23042024TaylorRock,9,3,"3, 4",,,,,,,,,,,,
BMSC5_TB6m23042024TaylorRock,10,3,"3, 4",,,,,,,,,,,,
BMSC5_TB6m23042024TaylorRock,11,3,"3, 4",,,,,,,,,,,,
BMSC5_TB6m23042024TaylorRock,12,3,"3, 4",,,,,,,,,,,,
BMSC5_TB6m23042024TaylorRock,13,3,"3, 4",,,,,,,,,,,,
BMSC5_TB6m23042024TaylorRock,14,same as 13,"3, 4",,,,,,,,,,,,
BMSC5_TB6m23042024TaylorRock,15,3,"3, 4",,,,,,,,,,,,
BMSC5_TB6m23042024TaylorRock,16,3,"3, 4",,,,,,,,,,,,
BMSC5_TB6m23042024TaylorRock,17,3,"3, 4",,,,,,,,,,,,
BMSC5_TB6m23042024TaylorRock,18,3,"3, 4",,,,,,,,,,,,
BMSC5_TB6m23042024TaylorRock,19,3,"3, 4",,,,,,,,,,,,
BMSC5_TB6m23042024TaylorRock,20,3,"3, 4",,,,,,,,,,,,
BMSC5_TB6m23042024TaylorRock,21,3,"3, 4",,,,,,,,,,,,
BMSC5_TB6m23042024TaylorRock,22,3,"3, 4",,,,,,,,,,,,
BMSC5_TB6m23042024TaylorRock,23,3,"3, 4",,,,,,,,,,,,
BMSC5_TB6m23042024TaylorRock,24,3,"3, 4",,,,,,,,,,,,
BMSC5_TB6m23042024TaylorRock,25,4,"3, 4",,,,,,,,,,,,
BMSC5_TB6m23042024TaylorRock,26,4,"3, 4",,,,,,,,,,,,
BMSC5_TB6m23042024TaylorRock,27,4,"3, 4",,,,,,,,,,,,
BMSC5_TB6m23042024TaylorRock,28,4,"3, 4",,,,,,,,,,,,
BMSC5_TB6m23042024TaylorRock,29,3,"3, 4",,,,,,,,,,,,
BMSC5_TB6m23042024TaylorRock,30,3,"3, 4",,,,,,,,,,,,
BMSC15_VDG6.5m1052024RaymondKelp,3,kelp,"4, 2",,,,,,,,,,,,
BMSC15_VDG6.5m1052024RaymondKelp,4,2,"4, 2",,,,,,"some photos have almost the entire field of view as kelp, should this be coded as kelp",,,,,,
BMSC15_VDG6.5m1052024RaymondKelp,5,4,"4, 2",,,,,,,,,,,,
BMSC15_VDG6.5m1052024RaymondKelp,6,2,"4, 2",,,,,,,,,,,,
BMSC15_VDG6.5m1052024RaymondKelp,7,4,"4, 2",,,,,,,,,,,,
BMSC15_VDG6.5m1052024RaymondKelp,8,4,"4, 2",,,,,,,,,,,,
BMSC15_VDG6.5m1052024RaymondKelp,9,4,"4, 2",,,,,,,,,,,,
BMSC15_VDG6.5m1052024RaymondKelp,10,3,"4, 2",,,,,,,,,,,,
BMSC15_VDG6.5m1052024RaymondKelp,11,4,"4, 2",,,,,,,,,,,,
BMSC15_VDG6.5m1052024RaymondKelp,12,4,"4, 2",,,,,,,,,,,,
BMSC15_VDG6.5m1052024RaymondKelp,13,4,"4, 2",,,,,,,,,,,,
BMSC15_VDG6.5m1052024RaymondKelp,14,4,"4, 2",,,,,,,,,,,,
BMSC15_VDG6.5m1052024RaymondKelp,15,4,"4, 2",,,,,,,,,,,,
BMSC15_VDG6.5m1052024RaymondKelp,16,4,"4, 2",,,,,,,,,,,,
BMSC15_VDG6.5m1052024RaymondKelp,17,4,"4, 2",,,,,,,,,,,,
BMSC15_VDG6.5m1052024RaymondKelp,18,4,"4, 2",,,,,,,,,,,,
BMSC15_VDG6.5m1052024RaymondKelp,19,4,"4, 2",,,,,,,,,,,,
BMSC15_VDG6.5m1052024RaymondKelp,20,4,"4, 2",,,,,,,,,,,,
BMSC15_VDG6.5m1052024RaymondKelp,21,4,"4, 2",,,,,,,,,,,,
BMSC15_VDG6.5m1052024RaymondKelp,22,4,"4, 2",,,,,,,,,,,,
BMSC15_VDG6.5m1052024RaymondKelp,23,4,"4, 2",,,,,,,,,,,,
BMSC15_VDG6.5m1052024RaymondKelp,24,4,"4, 2",,,,,,,,,,,,
BMSC15_VDG6.5m1052024RaymondKelp,25,4,"4, 2",,,,,,,,,,,,
BMSC15_VDG6.5m1052024RaymondKelp,26,4,"4, 2",,,,,,,,,,,,
BMSC15_VDG6.5m1052024RaymondKelp,27,4,"4, 2",,,,,,,,,,,,
BMSC15_VDG6.5m1052024RaymondKelp,28,4,"4, 2",,,,,,,,,,,,
BMSC15_VDG6.5m1052024RaymondKelp,29,4,"4, 2",,,,,,,,,,,,
BMSC15_VDG6.5m1052024RaymondKelp,30,4,"4, 2",,,,,,,,,,,,
BMSC26_TB8m24042024HosieSouth,3,4,"4, 3",,,,,,"lots of kelp present in these photos, also lots of sediment over the rocks, maybe 4, 3 doesn’t fully describe this site",,,,,,
BMSC26_TB8m24042024HosieSouth,4,4,"4, 3",,,,,,,,,,,,
BMSC26_TB8m24042024HosieSouth,5,4,"4, 3",,,,,,,,,,,,
BMSC26_TB8m24042024HosieSouth,6,4,"4, 3",,,,,,,,,,,,
BMSC26_TB8m24042024HosieSouth,7,4,"4, 3",,,,,,,,,,,,
BMSC26_TB8m24042024HosieSouth,8,4,"4, 3",,,,,,,,,,,,
BMSC26_TB8m24042024HosieSouth,9,4,"4, 3",,,,,,,,,,,,
BMSC26_TB8m24042024HosieSouth,10,4,"4, 3",,,,,,,,,,,,
BMSC26_TB8m24042024HosieSouth,11,4,"4, 3",,,,,,,,,,,,
BMSC26_TB8m24042024HosieSouth,12,4,"4, 3",,,,,,,,,,,,
BMSC26_TB8m24042024HosieSouth,13,4,"4, 3",,,,,,,,,,,,
BMSC26_TB8m24042024HosieSouth,14,4,"4, 3",,,,,,,,,,,,
BMSC26_TB8m24042024HosieSouth,15,4,"4, 3",,,,,,,,,,,,
BMSC26_TB8m24042024HosieSouth,16,4,"4, 3",,,,,,,,,,,,
BMSC26_TB8m24042024HosieSouth,17,4,"4, 3",,,,,,,,,,,,
BMSC26_TB8m24042024HosieSouth,18,4,"4, 3",,,,,,,,,,,,
BMSC26_TB8m24042024HosieSouth,19,3,"4, 3",,,,,,,,,,,,
BMSC26_TB8m24042024HosieSouth,20,all kelp,"4, 3",,,,,,,,,,,,
BMSC26_TB8m24042024HosieSouth,21,4,"4, 3",,,,,,,,,,,,
BMSC26_TB8m24042024HosieSouth,22,3,"4, 3",,,,,,,,,,,,
BMSC26_TB8m24042024HosieSouth,23,4,"4, 3",,,,,,,,,,,,
BMSC26_TB8m24042024HosieSouth,24,3,"4, 3",,,,,,,,,,,,
BMSC26_TB8m24042024HosieSouth,25,4,"4, 3",,,,,,,,,,,,
BMSC26_TB8m24042024HosieSouth,26,4,"4, 3",,,,,,,,,,,,
BMSC26_TB8m24042024HosieSouth,27,all kelp,"4, 3",,,,,,,,,,,,
BMSC26_TB8m24042024HosieSouth,28,4,"4, 3",,,,,,,,,,,,
BMSC22_VDG5.5m30042024DixonInside,3,4,"3, 4",,,,,,,,,,,,
BMSC22_VDG5.5m30042024DixonInside,4,3,"3, 4",,,,,,,,,,,,
BMSC22_VDG5.5m30042024DixonInside,5,3,"3, 4",,,,,,,,,,,,
BMSC22_VDG5.5m30042024DixonInside,6,3,"3, 4",,,,,,,,,,,,
BMSC22_VDG5.5m30042024DixonInside,7,3,"3, 4",,,,,,,,,,,,
BMSC22_VDG5.5m30042024DixonInside,8,3,"3, 4",,,,,,,,,,,,
BMSC22_VDG5.5m30042024DixonInside,9,3,"3, 4",,,,,,,,,,,,
BMSC22_VDG5.5m30042024DixonInside,10,3,"3, 4",,,,,,,,,,,,
BMSC22_VDG5.5m30042024DixonInside,11,3,"3, 4",,,,,,,,,,,,
BMSC22_VDG5.5m30042024DixonInside,12,2,"3, 4",,,,,,,,,,,,
BMSC22_VDG5.5m30042024DixonInside,13,3,"3, 4",,,,,,,,,,,,
BMSC22_VDG5.5m30042024DixonInside,14,3,"3, 4",,,,,,,,,,,,
BMSC22_VDG5.5m30042024DixonInside,15,3,"3, 4",,,,,,,,,,,,
BMSC22_VDG5.5m30042024DixonInside,16,3,"3, 4",,,,,,,,,,,,
BMSC22_VDG5.5m30042024DixonInside,17,3,"3, 4",,,,,,,,,,,,
BMSC22_VDG5.5m30042024DixonInside,18,3,"3, 4",,,,,,,,,,,,
BMSC22_VDG5.5m30042024DixonInside,19,3,"3, 4",,,,,,,,,,,,
BMSC22_VDG5.5m30042024DixonInside,20,3,"3, 4",,,,,,,,,,,,
BMSC22_VDG5.5m30042024DixonInside,21,3,"3, 4",,,,,,,,,,,,
BMSC22_VDG5.5m30042024DixonInside,22,3,"3, 4",,,,,,,,,,,,
BMSC22_VDG5.5m30042024DixonInside,23,3,"3, 4",,,,,,,,,,,,
BMSC22_VDG5.5m30042024DixonInside,24,4,"3, 4",,,,,,,,,,,,
BMSC22_VDG5.5m30042024DixonInside,25,4,"3, 4",,,,,,,,,,,,
BMSC22_VDG5.5m30042024DixonInside,26,4,"3, 4",,,,,,,,,,,,
BMSC22_VDG5.5m30042024DixonInside,27,4,"3, 4",,,,,,,,,,,,
BMSC22_VDG5.5m30042024DixonInside,28,4,"3, 4",,,,,,,,,,,,
BMSC22_VDG5.5m30042024DixonInside,29,4,"3, 4",,,,,,,,,,,,
BMSC24_TB10m24042024SwissBoy,4,4,"4, 3",,,,,,"redo this one later, lots of tough between 3 and 4",,,,,,
BMSC24_TB10m24042024SwissBoy,5,4,"4, 3",,,,,,,,,,,,
BMSC24_TB10m24042024SwissBoy,6,3,"4, 3",,,,,,,,,,,,
BMSC24_TB10m24042024SwissBoy,7,4,"4, 3",,,,,,,,,,,,
BMSC24_TB10m24042024SwissBoy,8,4,"4, 3",,,,,,,,,,,,
BMSC24_TB10m24042024SwissBoy,9,4,"4, 3",,,,,,,,,,,,
BMSC24_TB10m24042024SwissBoy,10,4,"4, 3",,,,,,,,,,,,
BMSC24_TB10m24042024SwissBoy,11,3,"4, 3",,,,,,,,,,,,
BMSC24_TB10m24042024SwissBoy,12,3,"4, 3",,,,,,,,,,,,
BMSC24_TB10m24042024SwissBoy,13,3,"4, 3",,,,,,,,,,,,
BMSC24_TB10m24042024SwissBoy,14,4,"4, 3",,,,,,,,,,,,
BMSC24_TB10m24042024SwissBoy,15,4,"4, 3",,,,,,,,,,,,
BMSC24_TB10m24042024SwissBoy,16,3,"4, 3",,,,,,,,,,,,
BMSC24_TB10m24042024SwissBoy,17,3,"4, 3",,,,,,,,,,,,
BMSC24_TB10m24042024SwissBoy,18,4,"4, 3",,,,,,,,,,,,
BMSC24_TB10m24042024SwissBoy,19,3,"4, 3",,,,,,,,,,,,
BMSC24_TB10m24042024SwissBoy,20,4,"4, 3",,,,,,,,,,,,
BMSC24_TB10m24042024SwissBoy,21,4,"4, 3",,,,,,,,,,,,
BMSC24_TB10m24042024SwissBoy,22,4,"4, 3",,,,,,,,,,,,
BMSC24_TB10m24042024SwissBoy,23,4,"4, 3",,,,,,,,,,,,
BMSC24_TB10m24042024SwissBoy,24,4,"4, 3",,,,,,,,,,,,
BMSC24_TB10m24042024SwissBoy,25,4,"4, 3",,,,,,,,,,,,
BMSC24_TB10m24042024SwissBoy,26,4,"4, 3",,,,,,,,,,,,
BMSC1_TB6m25042024Dodger,2,4,"4, 3",,,,,,,,,,,,
BMSC1_TB6m25042024Dodger,3,4,"4, 3",,,,,,,,,,,,
BMSC1_TB6m25042024Dodger,4,3,"4, 3",,,,,,,,,,,,
BMSC1_TB6m25042024Dodger,5,3,"4, 3",,,,,,,,,,,,
BMSC1_TB6m25042024Dodger,6,3,"4, 3",,,,,,,,,,,,
BMSC1_TB6m25042024Dodger,7,3,"4, 3",,,,,,,,,,,,
BMSC1_TB6m25042024Dodger,8,4,"4, 3",,,,,,,,,,,,
BMSC1_TB6m25042024Dodger,9,3,"4, 3",,,,,,,,,,,,
BMSC1_TB6m25042024Dodger,10,3,"4, 3",,,,,,,,,,,,
BMSC1_TB6m25042024Dodger,11,4,"4, 3",,,,,,,,,,,,
BMSC1_TB6m25042024Dodger,12,4,"4, 3",,,,,,,,,,,,
BMSC1_TB6m25042024Dodger,13,4,"4, 3",,,,,,,,,,,,
BMSC1_TB6m25042024Dodger,14,4,"4, 3",,,,,,,,,,,,
BMSC1_TB6m25042024Dodger,15,4,"4, 3",,,,,,,,,,,,
BMSC1_TB6m25042024Dodger,16,4,"4, 3",,,,,,,,,,,,
BMSC1_TB6m25042024Dodger,17,4,"4, 3",,,,,,,,,,,,
BMSC1_TB6m25042024Dodger,18,4,"4, 3",,,,,,,,,,,,
BMSC1_TB6m25042024Dodger,19,4,"4, 3",,,,,,,,,,,,
BMSC1_TB6m25042024Dodger,20,4,"4, 3",,,,,,,,,,,,
BMSC1_TB6m25042024Dodger,21,4,"4, 3",,,,,,,,,,,,
BMSC1_TB6m25042024Dodger,22,4,"4, 3",,,,,,,,,,,,
BMSC1_TB6m25042024Dodger,23,2,"4, 3",,,,,,,,,,,,
BMSC1_TB6m25042024Dodger,24,4,"4, 3",,,,,,,,,,,,
BMSC1_TB6m25042024Dodger,25,4,"4, 3",,,,,,,,,,,,
BMSC1_TB6m25042024Dodger,26,4,"4, 3",,,,,,,,,,,,
BMSC18_JMS8.5m02052024_EussenRock,5,4,"4, 3",,,,,,,,,,,,
BMSC18_JMS8.5m02052024_EussenRock,6,4,"4, 3",,,,,,,,,,,,
BMSC18_JMS8.5m02052024_EussenRock,7,4,"4, 3",,,,,,,,,,,,
BMSC18_JMS8.5m02052024_EussenRock,8,4,"4, 3",,,,,,,,,,,,
BMSC18_JMS8.5m02052024_EussenRock,9,4,"4, 3",,,,,,,,,,,,
BMSC18_JMS8.5m02052024_EussenRock,10,4,"4, 3",,,,,,,,,,,,
BMSC18_JMS8.5m02052024_EussenRock,11,4,"4, 3",,,,,,,,,,,,
BMSC18_JMS8.5m02052024_EussenRock,12,4,"4, 3",,,,,,,,,,,,
BMSC18_JMS8.5m02052024_EussenRock,13,4,"4, 3",,,,,,,,,,,,
BMSC18_JMS8.5m02052024_EussenRock,14,4,"4, 3",,,,,,,,,,,,
BMSC18_JMS8.5m02052024_EussenRock,15,4,"4, 3",,,,,,,,,,,,
BMSC18_JMS8.5m02052024_EussenRock,16,4,"4, 3",,,,,,,,,,,,
BMSC18_JMS8.5m02052024_EussenRock,17,4,"4, 3",,,,,,,,,,,,
BMSC18_JMS8.5m02052024_EussenRock,18,4,"4, 3",,,,,,,,,,,,
BMSC18_JMS8.5m02052024_EussenRock,19,4,"4, 3",,,,,,,,,,,,
BMSC18_JMS8.5m02052024_EussenRock,20,4,"4, 3",,,,,,,,,,,,
BMSC18_JMS8.5m02052024_EussenRock,21,4,"4, 3",,,,,,,,,,,,
BMSC18_JMS8.5m02052024_EussenRock,22,3,"4, 3",,,,,,,,,,,,
BMSC18_JMS8.5m02052024_EussenRock,23,4,"4, 3",,,,,,,,,,,,
BMSC17_VDG5.8m30042024WouwerChannel,3,4,"4, 3",,,,,,,,,,,,
BMSC17_VDG5.8m30042024WouwerChannel,4,4,"4, 3",,,,,,,,,,,,
BMSC17_VDG5.8m30042024WouwerChannel,5,4,"4, 3",,,,,,,,,,,,
BMSC17_VDG5.8m30042024WouwerChannel,6,4,"4, 3",,,,,,,,,,,,
BMSC17_VDG5.8m30042024WouwerChannel,7,4,"4, 3",,,,,,,,,,,,
BMSC17_VDG5.8m30042024WouwerChannel,8,4,"4, 3",,,,,,,,,,,,
BMSC17_VDG5.8m30042024WouwerChannel,9,4,"4, 3",,,,,,,,,,,,
BMSC17_VDG5.8m30042024WouwerChannel,10,4,"4, 3",,,,,,,,,,,,
BMSC17_VDG5.8m30042024WouwerChannel,11,3,"4, 3",,,,,,,,,,,,
BMSC17_VDG5.8m30042024WouwerChannel,12,4,"4, 3",,,,,,,,,,,,
BMSC17_VDG5.8m30042024WouwerChannel,13,3,"4, 3",,,,,,,,,,,,
BMSC17_VDG5.8m30042024WouwerChannel,14,4,"4, 3",,,,,,,,,,,,
BMSC17_VDG5.8m30042024WouwerChannel,15,3,"4, 3",,,,,,,,,,,,
BMSC17_VDG5.8m30042024WouwerChannel,16,3,"4, 3",,,,,,,,,,,,
BMSC17_VDG5.8m30042024WouwerChannel,17,3,"4, 3",,,,,,,,,,,,
BMSC17_VDG5.8m30042024WouwerChannel,18,3,"4, 3",,,,,,,,,,,,
BMSC17_VDG5.8m30042024WouwerChannel,19,2,"4, 3",,,,,,,,,,,,
BMSC17_VDG5.8m30042024WouwerChannel,20,2,"4, 3",,,,,,,,,,,,
BMSC17_VDG5.8m30042024WouwerChannel,21,2,"4, 3",,,,,,,,,,,,
BMSC3_CMA6m29042024Ohiat,2,4,"4, 3",,,,,,,,,,,,
BMSC3_CMA6m29042024Ohiat,3,4,"4, 3",,,,,,,,,,,,
BMSC3_CMA6m29042024Ohiat,4,4,"4, 3",,,,,,,,,,,,
BMSC3_CMA6m29042024Ohiat,5,4,"4, 3",,,,,,,,,,,,
BMSC3_CMA6m29042024Ohiat,6,4,"4, 3",,,,,,,,,,,,
BMSC3_CMA6m29042024Ohiat,7,4,"4, 3",,,,,,,,,,,,
BMSC3_CMA6m29042024Ohiat,8,4,"4, 3",,,,,,,,,,,,
BMSC3_CMA6m29042024Ohiat,9,4,"4, 3",,,,,,,,,,,,
BMSC3_CMA6m29042024Ohiat,10,4,"4, 3",,,,,,,,,,,,
BMSC3_CMA6m29042024Ohiat,11,3,"4, 3",,,,,,,,,,,,
BMSC3_CMA6m29042024Ohiat,12,3,"4, 3",,,,,,,,,,,,
BMSC3_CMA6m29042024Ohiat,13,4,"4, 3",,,,,,,,,,,,
BMSC3_CMA6m29042024Ohiat,14,4,"4, 3",,,,,,,,,,,,
BMSC3_CMA6m29042024Ohiat,15,4,"4, 3",,,,,,,,,,,,
BMSC3_CMA6m29042024Ohiat,16,4,"4, 3",,,,,,,,,,,,
BMSC3_CMA6m29042024Ohiat,17,4,"4, 3",,,,,,,,,,,,
BMSC3_CMA6m29042024Ohiat,18,4,"4, 3",,,,,,,,,,,,
BMSC3_CMA6m29042024Ohiat,19,4,"4, 3",,,,,,,,,,,,
BMSC3_CMA6m29042024Ohiat,20,4,"4, 3",,,,,,,,,,,,
BMSC3_CMA6m29042024Ohiat,21,4,"4, 3",,,,,,,,,,,,
BMSC13_VDG3m1052024EffinghamWest,3,4,"4, 3",,,,,,,,,,,,
BMSC13_VDG3m1052024EffinghamWest,4,4,"4, 3",,,,,,,,,,,,
BMSC13_VDG3m1052024EffinghamWest,5,4,"4, 3",,,,,,,,,,,,
BMSC13_VDG3m1052024EffinghamWest,6,4,"4, 3",,,,,,,,,,,,
BMSC13_VDG3m1052024EffinghamWest,7,4,"4, 3",,,,,,,,,,,,
BMSC13_VDG3m1052024EffinghamWest,8,4,"4, 3",,,,,,,,,,,,
BMSC13_VDG3m1052024EffinghamWest,9,4,"4, 3",,,,,,,,,,,,
BMSC13_VDG3m1052024EffinghamWest,10,4,"4, 3",,,,,,,,,,,,
BMSC13_VDG3m1052024EffinghamWest,11,4,"4, 3",,,,,,,,,,,,
BMSC13_VDG3m1052024EffinghamWest,12,3,"4, 3",,,,,,,,,,,,
BMSC13_VDG3m1052024EffinghamWest,13,4,"4, 3",,,,,,,,,,,,
BMSC13_VDG3m1052024EffinghamWest,14,4,"4, 3",,,,,,,,,,,,
BMSC13_VDG3m1052024EffinghamWest,15,3,"4, 3",,,,,,,,,,,,
BMSC13_VDG3m1052024EffinghamWest,16,4,"4, 3",,,,,,,,,,,,
BMSC13_VDG3m1052024EffinghamWest,17,4,"4, 3",,,,,,,,,,,,
BMSC13_VDG3m1052024EffinghamWest,18,4,"4, 3",,,,,,,,,,,,
BMSC13_VDG3m1052024EffinghamWest,19,4,"4, 3",,,,,,,,,,,,
BMSC13_VDG3m1052024EffinghamWest,20,4,"4, 3",,,,,,,,,,,,
BMSC13_VDG3m1052024EffinghamWest,21,4,"4, 3",,,,,,,,,,,,
BMSC13_VDG3m1052024EffinghamWest,22,4,"4, 3",,,,,,,,,,,,
BMSC13_VDG3m1052024EffinghamWest,23,4,"4, 3",,,,,,,,,,,,
BMSC13_VDG3m1052024EffinghamWest,24,4,"4, 3",,,,,,,,,,,,
BMSC13_VDG3m1052024EffinghamWest,25,4,"4, 3",,,,,,,,,,,,
BMSC13_VDG3m1052024EffinghamWest,26,4,"4, 3",,,,,,,,,,,,
BMSC13_VDG3m1052024EffinghamWest,27,4,"4, 3",,,,,,,,,,,,
BMSC12_CMA4.5m26042024WizardIslandNorth,2,4,"4, 3",,,,,,,,,,,,
BMSC12_CMA4.5m26042024WizardIslandNorth,3,4,"4, 3",,,,,,,,,,,,
BMSC12_CMA4.5m26042024WizardIslandNorth,4,4,"4, 3",,,,,,,,,,,,
BMSC12_CMA4.5m26042024WizardIslandNorth,5,4,"4, 3",,,,,,,,,,,,
BMSC12_CMA4.5m26042024WizardIslandNorth,6,4,"4, 3",,,,,,,,,,,,
BMSC12_CMA4.5m26042024WizardIslandNorth,7,4,"4, 3",,,,,,,,,,,,
BMSC12_CMA4.5m26042024WizardIslandNorth,8,3,"4, 3",,,,,,,,,,,,
BMSC12_CMA4.5m26042024WizardIslandNorth,9,3,"4, 3",,,,,,,,,,,,
BMSC12_CMA4.5m26042024WizardIslandNorth,10,4,"4, 3",,,,,,,,,,,,
BMSC12_CMA4.5m26042024WizardIslandNorth,11,4,"4, 3",,,,,,,,,,,,
BMSC12_CMA4.5m26042024WizardIslandNorth,12,4,"4, 3",,,,,,,,,,,,
BMSC12_CMA4.5m26042024WizardIslandNorth,13,4,"4, 3",,,,,,,,,,,,
BMSC12_CMA4.5m26042024WizardIslandNorth,14,4,"4, 3",,,,,,,,,,,,
BMSC12_CMA4.5m26042024WizardIslandNorth,15,4,"4, 3",,,,,,,,,,,,
BMSC12_CMA4.5m26042024WizardIslandNorth,16,4,"4, 3",,,,,,,,,,,,
BMSC12_CMA4.5m26042024WizardIslandNorth,17,4,"4, 3",,,,,,,,,,,,
BMSC12_CMA4.5m26042024WizardIslandNorth,18,4,"4, 3",,,,,,,,,,,,
BMSC12_CMA4.5m26042024WizardIslandNorth,19,3,"4, 3",,,,,,,,,,,,
BMSC12_CMA4.5m26042024WizardIslandNorth,20,3,"4, 3",,,,,,,,,,,,
BMSC12_CMA4.5m26042024WizardIslandNorth,21,4,"4, 3",,,,,,,,,,,,
BMSC12_CMA4.5m26042024WizardIslandNorth,22,3,"4, 3",,,,,,,,,,,,
BMSC12_CMA4.5m26042024WizardIslandNorth,23,3,"4, 3",,,,,,,,,,,,
BMSC12_CMA4.5m26042024WizardIslandNorth,24,3,"4, 3",,,,,,,,,,,,
BMSC12_CMA4.5m26042024WizardIslandNorth,25,4,"4, 3",,,,,,,,,,,,
BMSC12_CMA4.5m26042024WizardIslandNorth,26,4,"4, 3",,,,,,,,,,,,
BMSC12_CMA4.5m26042024WizardIslandNorth,27,3,"4, 3",,,,,,,,,,,,
BMSC12_CMA4.5m26042024WizardIslandNorth,28,4,"4, 3",,,,,,,,,,,,
BMSC12_CMA4.5m26042024WizardIslandNorth,29,4,"4, 3",,,,,,,,,,,,
BMSC12_CMA4.5m26042024WizardIslandNorth,30,4,"4, 3",,,,,,,,,,,,
BMSC12_CMA4.5m26042024WizardIslandNorth,31,4,"4, 3",,,,,,,,,,,,
BMSC12_CMA4.5m26042024WizardIslandNorth,32,4,"4, 3",,,,,,,,,,,,
BMSC12_CMA4.5m26042024WizardIslandNorth,33,4,"4, 3",,,,,,,,,,,,
BMSC12_CMA4.5m26042024WizardIslandNorth,34,4,"4, 3",,,,,,,,,,,,
BMSC12_CMA4.5m26042024WizardIslandNorth,35,4,"4, 3",,,,,,,,,,,,
BMSC12_CMA4.5m26042024WizardIslandNorth,36,3,"4, 3",,,,,,,,,,,,
BMSC2_VDG4.5m29042024Kirby,3,4,"3, 4",,,,,,,,,,,,
BMSC2_VDG4.5m29042024Kirby,4,3,"3, 4",,,,,,,,,,,,
BMSC2_VDG4.5m29042024Kirby,5,3,"3, 4",,,,,,,,,,,,
BMSC2_VDG4.5m29042024Kirby,6,3,"3, 4",,,,,,,,,,,,
BMSC2_VDG4.5m29042024Kirby,7,3,"3, 4",,,,,,,,,,,,
BMSC2_VDG4.5m29042024Kirby,8,3,"3, 4",,,,,,,,,,,,
BMSC2_VDG4.5m29042024Kirby,9,3,"3, 4",,,,,,,,,,,,
BMSC2_VDG4.5m29042024Kirby,10,3,"3, 4",,,,,,,,,,,,
BMSC2_VDG4.5m29042024Kirby,11,4,"3, 4",,,,,,,,,,,,
BMSC2_VDG4.5m29042024Kirby,12,3,"3, 4",,,,,,,,,,,,
BMSC2_VDG4.5m29042024Kirby,13,4,"3, 4",,,,,,,,,,,,
BMSC2_VDG4.5m29042024Kirby,14,3,"3, 4",,,,,,,,,,,,
BMSC2_VDG4.5m29042024Kirby,15,3,"3, 4",,,,,,,,,,,,
BMSC2_VDG4.5m29042024Kirby,16,3,"3, 4",,,,,,,,,,,,
BMSC2_VDG4.5m29042024Kirby,17,3,"3, 4",,,,,,,,,,,,
BMSC2_VDG4.5m29042024Kirby,18,4,"3, 4",,,,,,,,,,,,
BMSC2_VDG4.5m29042024Kirby,19,3,"3, 4",,,,,,,,,,,,
BMSC2_VDG4.5m29042024Kirby,20,3,"3, 4",,,,,,,,,,,,
BMSC2_VDG4.5m29042024Kirby,21,4,"3, 4",,,,,,,,,,,,
BMSC2_VDG4.5m29042024Kirby,22,4,"3, 4",,,,,,,,,,,,
BMSC2_VDG4.5m29042024Kirby,23,3,"3, 4",,,,,,,,,,,,
BMSC2_VDG4.5m29042024Kirby,24,4,"3, 4",,,,,,,,,,,,
BMSC2_VDG4.5m29042024Kirby,25,3,"3, 4",,,,,,,,,,,,
BMSC16_EGL7.5m02052024FaberIslets,3,3,"3, 3",,,,,,,,,,,,
BMSC16_EGL7.5m02052024FaberIslets,4,3,"3, 3",,,,,,,,,,,,
BMSC16_EGL7.5m02052024FaberIslets,5,3,"3, 3",,,,,,,,,,,,
BMSC16_EGL7.5m02052024FaberIslets,6,3,"3, 3",,,,,,,,,,,,
BMSC16_EGL7.5m02052024FaberIslets,7,3,"3, 3",,,,,,,,,,,,
BMSC16_EGL7.5m02052024FaberIslets,8,3,"3, 3",,,,,,,,,,,,
BMSC16_EGL7.5m02052024FaberIslets,9,3,"3, 3",,,,,,,,,,,,
BMSC16_EGL7.5m02052024FaberIslets,10,3,"3, 3",,,,,,,,,,,,
BMSC16_EGL7.5m02052024FaberIslets,11,3,"3, 3",,,,,,,,,,,,
BMSC16_EGL7.5m02052024FaberIslets,12,3,"3, 3",,,,,,,,,,,,
BMSC16_EGL7.5m02052024FaberIslets,13,3,"3, 3",,,,,,,,,,,,
BMSC16_EGL7.5m02052024FaberIslets,14,3,"3, 3",,,,,,,,,,,,
BMSC16_EGL7.5m02052024FaberIslets,15,3,"3, 3",,,,,,,,,,,,
BMSC16_EGL7.5m02052024FaberIslets,16,3,"3, 3",,,,,,,,,,,,
BMSC16_EGL7.5m02052024FaberIslets,17,3,"3, 3",,,,,,,,,,,,
BMSC16_EGL7.5m02052024FaberIslets,18,3,"3, 3",,,,,,,,,,,,
BMSC16_EGL7.5m02052024FaberIslets,19,3,"3, 3",,,,,,,,,,,,
BMSC16_EGL7.5m02052024FaberIslets,20,3,"3, 3",,,,,,,,,,,,
BMSC16_EGL7.5m02052024FaberIslets,21,3,"3, 3",,,,,,,,,,,,
BMSC16_EGL7.5m02052024FaberIslets,22,3,"3, 3",,,,,,,,,,,,
BMSC9_EGL6.5m23042024EagleBay,3,4,"3, 4",,,,,,,,,,,,
BMSC9_EGL6.5m23042024EagleBay,4,4,"3, 4",,,,,,,,,,,,
BMSC9_EGL6.5m23042024EagleBay,5,4,"3, 4",,,,,,,,,,,,
BMSC9_EGL6.5m23042024EagleBay,6,3,"3, 4",,,,,,,,,,,,
BMSC9_EGL6.5m23042024EagleBay,7,3,"3, 4",,,,,,,,,,,,
BMSC9_EGL6.5m23042024EagleBay,8,3,"3, 4",,,,,,,,,,,,
BMSC9_EGL6.5m23042024EagleBay,9,3,"3, 4",,,,,,,,,,,,
BMSC9_EGL6.5m23042024EagleBay,10,4,"3, 4",,,,,,,,,,,,
BMSC9_EGL6.5m23042024EagleBay,11,3,"3, 4",,,,,,,,,,,,
BMSC9_EGL6.5m23042024EagleBay,12,4,"3, 4",,,,,,,,,,,,
BMSC9_EGL6.5m23042024EagleBay,13,3,"3, 4",,,,,,,,,,,,
BMSC9_EGL6.5m23042024EagleBay,14,4,"3, 4",,,,,,,,,,,,
BMSC9_EGL6.5m23042024EagleBay,15,3,"3, 4",,,,,,,,,,,,
BMSC9_EGL6.5m23042024EagleBay,16,4,"3, 4",,,,,,,,,,,,
BMSC9_EGL6.5m23042024EagleBay,17,4,"3, 4",,,,,,,,,,,,
BMSC9_EGL6.5m23042024EagleBay,18,4,"3, 4",,,,,,,,,,,,
BMSC9_EGL6.5m23042024EagleBay,19,4,"3, 4",,,,,,,,,,,,
BMSC9_EGL6.5m23042024EagleBay,20,3,"3, 4",,,,,,,,,,,,
BMSC9_EGL6.5m23042024EagleBay,21,3,"3, 4",,,,,,,,,,,,
BMSC9_EGL6.5m23042024EagleBay,22,3,"3, 4",,,,,,,,,,,,
BMSC9_EGL6.5m23042024EagleBay,23,3,"3, 4",,,,,,,,,,,,
BMSC21_CMA6.5m30042024DixonSW,2,4,"4, 3",,,,,,,,,,,,
BMSC21_CMA6.5m30042024DixonSW,3,4,"4, 3",,,,,,,,,,,,
BMSC21_CMA6.5m30042024DixonSW,4,4,"4, 3",,,,,,,,,,,,
BMSC21_CMA6.5m30042024DixonSW,5,4,"4, 3",,,,,,,,,,,,
BMSC21_CMA6.5m30042024DixonSW,6,4,"4, 3",,,,,,,,,,,,
BMSC21_CMA6.5m30042024DixonSW,7,4,"4, 3",,,,,,,,,,,,
BMSC21_CMA6.5m30042024DixonSW,8,4,"4, 3",,,,,,,,,,,,
BMSC21_CMA6.5m30042024DixonSW,9,4,"4, 3",,,,,,,,,,,,
BMSC21_CMA6.5m30042024DixonSW,10,3,"4, 3",,,,,,,,,,,,
BMSC21_CMA6.5m30042024DixonSW,11,4,"4, 3",,,,,,,,,,,,
BMSC21_CMA6.5m30042024DixonSW,12,4,"4, 3",,,,,,,,,,,,
BMSC21_CMA6.5m30042024DixonSW,13,4,"4, 3",,,,,,,,,,,,
BMSC21_CMA6.5m30042024DixonSW,14,4,"4, 3",,,,,,,,,,,,
BMSC21_CMA6.5m30042024DixonSW,15,4,"4, 3",,,,,,,,,,,,
BMSC21_CMA6.5m30042024DixonSW,16,4,"4, 3",,,,,,,,,,,,
BMSC21_CMA6.5m30042024DixonSW,17,4,"4, 3",,,,,,,,,,,,
BMSC21_CMA6.5m30042024DixonSW,18,3,"4, 3",,,,,,,,,,,,
BMSC21_CMA6.5m30042024DixonSW,19,4,"4, 3",,,,,,,,,,,,
BMSC21_CMA6.5m30042024DixonSW,20,3,"4, 3",,,,,,,,,,,,
BMSC21_CMA6.5m30042024DixonSW,21,3,"4, 3",,,,,,,,,,,,
BMSC21_CMA6.5m30042024DixonSW,22,4,"4, 3",,,,,,,,,,,,
BMSC21_CMA6.5m30042024DixonSW,23,4,"4, 3",,,,,,,,,,,,
BMSC21_CMA6.5m30042024DixonSW,24,3,"4, 3",,,,,,,,,,,,
BMSC21_CMA6.5m30042024DixonSW,25,3,"4, 3",,,,,,,,,,,,
BMSC21_CMA6.5m30042024DixonSW,26,3,"4, 3",,,,,,,,,,,,
BMSC21_CMA6.5m30042024DixonSW,27,4,"4, 3",,,,,,,,,,,,
BMSC20_CMA6.7m25042024EdKingE,3,3,"4, 3",,,,,,,,,,,,
BMSC20_CMA6.7m25042024EdKingE,4,3,"4, 3",,,,,,,,,,,,
BMSC20_CMA6.7m25042024EdKingE,5,4,"4, 3",,,,,,,,,,,,
BMSC20_CMA6.7m25042024EdKingE,6,4,"4, 3",,,,,,,,,,,,
BMSC20_CMA6.7m25042024EdKingE,7,4,"4, 3",,,,,,,,,,,,
BMSC20_CMA6.7m25042024EdKingE,8,4,"4, 3",,,,,,,,,,,,
BMSC20_CMA6.7m25042024EdKingE,9,3,"4, 3",,,,,,,,,,,,
BMSC20_CMA6.7m25042024EdKingE,10,3,"4, 3",,,,,,,,,,,,
BMSC20_CMA6.7m25042024EdKingE,11,4,"4, 3",,,,,,,,,,,,
BMSC20_CMA6.7m25042024EdKingE,12,4,"4, 3",,,,,,,,,,,,
BMSC20_CMA6.7m25042024EdKingE,13,4,"4, 3",,,,,,,,,,,,
BMSC20_CMA6.7m25042024EdKingE,14,4,"4, 3",,,,,,,,,,,,
BMSC20_CMA6.7m25042024EdKingE,15,4,"4, 3",,,,,,,,,,,,
BMSC20_CMA6.7m25042024EdKingE,16,4,"4, 3",,,,,,,,,,,,
BMSC20_CMA6.7m25042024EdKingE,17,4,"4, 3",,,,,,,,,,,,
BMSC20_CMA6.7m25042024EdKingE,18,4,"4, 3",,,,,,,,,,,,
BMSC20_CMA6.7m25042024EdKingE,19,4,"4, 3",,,,,,,,,,,,
BMSC20_CMA6.7m25042024EdKingE,20,4,"4, 3",,,,,,,,,,,,
BMSC20_CMA6.7m25042024EdKingE,21,4,"4, 3",,,,,,,,,,,,
BMSC20_CMA6.7m25042024EdKingE,22,4,"4, 3",,,,,,,,,,,,
BMSC20_CMA6.7m25042024EdKingE,23,4,"4, 3",,,,,,,,,,,,
BMSC20_CMA6.7m25042024EdKingE,24,4,"4, 3",,,,,,,,,,,,
BMSC20_CMA6.7m25042024EdKingE,25,4,"4, 3",,,,,,,,,,,,
BMSC10_CMA4.5m26042024RossIsletSlugIsland,2,3,"3, 4",,,,,,,,,,,,
BMSC10_CMA4.5m26042024RossIsletSlugIsland,3,3,"3, 4",,,,,,,,,,,,
BMSC10_CMA4.5m26042024RossIsletSlugIsland,4,3,"3, 4",,,,,,,,,,,,
BMSC10_CMA4.5m26042024RossIsletSlugIsland,5,3,"3, 4",,,,,,,,,,,,
BMSC10_CMA4.5m26042024RossIsletSlugIsland,6,3,"3, 4",,,,,,,,,,,,
BMSC10_CMA4.5m26042024RossIsletSlugIsland,7,3,"3, 4",,,,,,,,,,,,
BMSC10_CMA4.5m26042024RossIsletSlugIsland,8,3,"3, 4",,,,,,,,,,,,
BMSC10_CMA4.5m26042024RossIsletSlugIsland,9,3,"3, 4",,,,,,,,,,,,
BMSC10_CMA4.5m26042024RossIsletSlugIsland,10,3,"3, 4",,,,,,,,,,,,
BMSC10_CMA4.5m26042024RossIsletSlugIsland,11,3,"3, 4",,,,,,,,,,,,
BMSC10_CMA4.5m26042024RossIsletSlugIsland,12,3,"3, 4",,,,,,,,,,,,
BMSC10_CMA4.5m26042024RossIsletSlugIsland,13,3,"3, 4",,,,,,,,,,,,
BMSC10_CMA4.5m26042024RossIsletSlugIsland,14,3,"3, 4",,,,,,,,,,,,
BMSC10_CMA4.5m26042024RossIsletSlugIsland,15,3,"3, 4",,,,,,,,,,,,
BMSC10_CMA4.5m26042024RossIsletSlugIsland,16,3,"3, 4",,,,,,,,,,,,
BMSC10_CMA4.5m26042024RossIsletSlugIsland,17,3,"3, 4",,,,,,,,,,,,
BMSC10_CMA4.5m26042024RossIsletSlugIsland,18,3,"3, 4",,,,,,,,,,,,
BMSC10_CMA4.5m26042024RossIsletSlugIsland,19,4,"3, 4",,,,,,,,,,,,
BMSC10_CMA4.5m26042024RossIsletSlugIsland,20,3,"3, 4",,,,,,,,,,,,
BMSC10_CMA4.5m26042024RossIsletSlugIsland,21,3,"3, 4",,,,,,,,,,,,
BMSC10_CMA4.5m26042024RossIsletSlugIsland,22,3,"3, 4",,,,,,,,,,,,
BMSC10_CMA4.5m26042024RossIsletSlugIsland,23,3,"3, 4",,,,,,,,,,,,
BMSC10_CMA4.5m26042024RossIsletSlugIsland,24,3,"3, 4",,,,,,,,,,,,
BMSC10_CMA4.5m26042024RossIsletSlugIsland,25,4,"3, 4",,,,,,,,,,,,
BMSC10_CMA4.5m26042024RossIsletSlugIsland,26,3,"3, 4",,,,,,,,,,,,
BMSC10_CMA4.5m26042024RossIsletSlugIsland,27,3,"3, 4",,,,,,,,,,,,
BMSC10_CMA4.5m26042024RossIsletSlugIsland,28,3,"3, 4",,,,,,,,,,,,
BMSC8_EGL8.5m22042024BaeriaRocksNorthN,3,4,"4, 3",,,,,,,,,,,,
BMSC8_EGL8.5m22042024BaeriaRocksNorthN,4,3,"4, 3",,,,,,,,,,,,
BMSC8_EGL8.5m22042024BaeriaRocksNorthN,5,3,"4, 3",,,,,,,,,,,,
BMSC8_EGL8.5m22042024BaeriaRocksNorthN,6,3,"4, 3",,,,,,,,,,,,
BMSC8_EGL8.5m22042024BaeriaRocksNorthN,7,4,"4, 3",,,,,,,,,,,,
BMSC8_EGL8.5m22042024BaeriaRocksNorthN,8,3,"4, 3",,,,,,,,,,,,
BMSC8_EGL8.5m22042024BaeriaRocksNorthN,9,3,"4, 3",,,,,,,,,,,,
BMSC8_EGL8.5m22042024BaeriaRocksNorthN,10,3,"4, 3",,,,,,,,,,,,
BMSC8_EGL8.5m22042024BaeriaRocksNorthN,11,3,"4, 3",,,,,,,,,,,,
BMSC8_EGL8.5m22042024BaeriaRocksNorthN,12,3,"4, 3",,,,,,,,,,,,
BMSC8_EGL8.5m22042024BaeriaRocksNorthN,13,4,"4, 3",,,,,,,,,,,,
BMSC8_EGL8.5m22042024BaeriaRocksNorthN,14,4,"4, 3",,,,,,,,,,,,
BMSC8_EGL8.5m22042024BaeriaRocksNorthN,15,4,"4, 3",,,,,,,,,,,,
BMSC8_EGL8.5m22042024BaeriaRocksNorthN,16,4,"4, 3",,,,,,,,,,,,
BMSC8_EGL8.5m22042024BaeriaRocksNorthN,17,4,"4, 3",,,,,,,,,,,,
BMSC8_EGL8.5m22042024BaeriaRocksNorthN,18,4,"4, 3",,,,,,,,,,,,
BMSC8_EGL8.5m22042024BaeriaRocksNorthN,19,4,"4, 3",,,,,,,,,,,,
BMSC8_EGL8.5m22042024BaeriaRocksNorthN,20,4,"4, 3",,,,,,,,,,,,
BMSC8_EGL8.5m22042024BaeriaRocksNorthN,21,4,"4, 3",,,,,,,,,,,,
BMSC8_EGL8.5m22042024BaeriaRocksNorthN,22,4,"4, 3",,,,,,,,,,,,
BMSC8_EGL8.5m22042024BaeriaRocksNorthN,23,4,"4, 3",,,,,,,,,,,,
BMSC12_TB7m26042024WizardN,3,4,"4, 3",,,,,,,,,,,,
BMSC12_TB7m26042024WizardN,4,3,"4, 3",,,,,,,,,,,,
BMSC12_TB7m26042024WizardN,5,4,"4, 3",,,,,,,,,,,,
BMSC12_TB7m26042024WizardN,6,3,"4, 3",,,,,,,,,,,,
BMSC12_TB7m26042024WizardN,7,3,"4, 3",,,,,,,,,,,,
BMSC12_TB7m26042024WizardN,8,3,"4, 3",,,,,,,,,,,,
BMSC12_TB7m26042024WizardN,9,3,"4, 3",,,,,,,,,,,,
BMSC12_TB7m26042024WizardN,10,4,"4, 3",,,,,,,,,,,,
BMSC12_TB7m26042024WizardN,11,4,"4, 3",,,,,,,,,,,,
BMSC12_TB7m26042024WizardN,12,4,"4, 3",,,,,,,,,,,,
BMSC12_TB7m26042024WizardN,13,4,"4, 3",,,,,,,,,,,,
BMSC12_TB7m26042024WizardN,14,4,"4, 3",,,,,,,,,,,,
BMSC12_TB7m26042024WizardN,15,4,"4, 3",,,,,,,,,,,,
BMSC12_TB7m26042024WizardN,16,4,"4, 3",,,,,,,,,,,,
BMSC12_TB7m26042024WizardN,17,4,"4, 3",,,,,,,,,,,,
BMSC12_TB7m26042024WizardN,18,4,"4, 3",,,,,,,,,,,,
BMSC12_TB7m26042024WizardN,19,no photo,"4, 3",,,,,,,,,,,,
BMSC12_TB7m26042024WizardN,20,4,"4, 3",,,,,,,,,,,,
BMSC12_TB7m26042024WizardN,21,4,"4, 3",,,,,,,,,,,,
BMSC12_TB7m26042024WizardN,22,4,"4, 3",,,,,,,,,,,,
BMSC12_TB7m26042024WizardN,23,4,"4, 3",,,,,,,,,,,,
BMSC12_TB7m26042024WizardN,24,4,"4, 3",,,,,,,,,,,,
BMSC12_TB7m26042024WizardN,25,4,"4, 3",,,,,,,,,,,,
BMSC12_TB7m26042024WizardN,26,4,"4, 3",,,,,,,,,,,,
BMSC25_TB6m23042024GobyTown,2,3,"3, 3",,,,,,,,,,,,
BMSC25_TB6m23042024GobyTown,3,3,"3, 3",,,,,,,,,,,,
BMSC25_TB6m23042024GobyTown,4,3,"3, 3",,,,,,,,,,,,
BMSC25_TB6m23042024GobyTown,5,3,"3, 3",,,,,,,,,,,,
BMSC25_TB6m23042024GobyTown,6,3,"3, 3",,,,,,,,,,,,
BMSC25_TB6m23042024GobyTown,7,3,"3, 3",,,,,,,,,,,,
BMSC25_TB6m23042024GobyTown,8,3,"3, 3",,,,,,,,,,,,
BMSC25_TB6m23042024GobyTown,9,3,"3, 3",,,,,,,,,,,,
BMSC25_TB6m23042024GobyTown,10,3,"3, 3",,,,,,,,,,,,
BMSC25_TB6m23042024GobyTown,11,3,"3, 3",,,,,,,,,,,,
BMSC25_TB6m23042024GobyTown,12,3,"3, 3",,,,,,,,,,,,
BMSC25_TB6m23042024GobyTown,13,3,"3, 3",,,,,,,,,,,,
BMSC25_TB6m23042024GobyTown,14,3,"3, 3",,,,,,,,,,,,
BMSC25_TB6m23042024GobyTown,15,3,"3, 3",,,,,,,,,,,,
BMSC25_TB6m23042024GobyTown,16,3,"3, 3",,,,,,,,,,,,
BMSC25_TB6m23042024GobyTown,17,3,"3, 3",,,,,,,,,,,,
BMSC25_TB6m23042024GobyTown,18,3,"3, 3",,,,,,,,,,,,
BMSC25_TB6m23042024GobyTown,19,3,"3, 3",,,,,,,,,,,,
BMSC25_TB6m23042024GobyTown,20,3,"3, 3",,,,,,,,,,,,
BMSC25_TB6m23042024GobyTown,21,3,"3, 3",,,,,,,,,,,,
BMSC25_TB6m23042024GobyTown,22,3,"3, 3",,,,,,,,,,,,
BMSC25_TB6m23042024GobyTown,23,3,"3, 3",,,,,,,,,,,,
BMSC25_TB6m23042024GobyTown,24,3,"3, 3",,,,,,,,,,,,
BMSC25_TB6m23042024GobyTown,25,3,"3, 3",,,,,,,,,,,,
BMSC25_TB6m23042024GobyTown,26,3,"3, 3",,,,,,,,,,,,
BMSC25_TB6m23042024GobyTown,27,3,"3, 3",,,,,,,,,,,,
BMSC25_TB6m23042024GobyTown,28,3,"3, 3",,,,,,,,,,,,
BMSC25_TB6m23042024GobyTown,29,3,"3, 3",,,,,,,,,,,,
BMSC25_TB6m23042024GobyTown,30,3,"3, 3",,,,,,,,,,,,
BMSC25_TB6m23042024GobyTown,31,3,"3, 3",,,,,,,,,,,,
BMSC24_CMA5.5m24042024SwissBoy,2,4,"4, 3",,,,,,,,,,,,
BMSC24_CMA5.5m24042024SwissBoy,3,4,"4, 3",,,,,,,,,,,,
BMSC24_CMA5.5m24042024SwissBoy,4,4,"4, 3",,,,,,,,,,,,
BMSC24_CMA5.5m24042024SwissBoy,5,4,"4, 3",,,,,,,,,,,,
BMSC24_CMA5.5m24042024SwissBoy,6,4,"4, 3",,,,,,,,,,,,
BMSC24_CMA5.5m24042024SwissBoy,7,3,"4, 3",,,,,,,,,,,,
BMSC24_CMA5.5m24042024SwissBoy,8,3,"4, 3",,,,,,,,,,,,
BMSC24_CMA5.5m24042024SwissBoy,9,3,"4, 3",,,,,,,,,,,,
BMSC24_CMA5.5m24042024SwissBoy,10,3,"4, 3",,,,,,,,,,,,
BMSC24_CMA5.5m24042024SwissBoy,11,3,"4, 3",,,,,,,,,,,,
BMSC24_CMA5.5m24042024SwissBoy,12,4,"4, 3",,,,,,,,,,,,
BMSC24_CMA5.5m24042024SwissBoy,13,4,"4, 3",,,,,,,,,,,,
BMSC24_CMA5.5m24042024SwissBoy,14,4,"4, 3",,,,,,,,,,,,
BMSC24_CMA5.5m24042024SwissBoy,15,4,"4, 3",,,,,,,,,,,,
BMSC24_CMA5.5m24042024SwissBoy,16,4,"4, 3",,,,,,,,,,,,
BMSC24_CMA5.5m24042024SwissBoy,17,4,"4, 3",,,,,,,,,,,,
BMSC24_CMA5.5m24042024SwissBoy,18,4,"4, 3",,,,,,,,,,,,
BMSC24_CMA5.5m24042024SwissBoy,19,4,"4, 3",,,,,,,,,,,,
BMSC24_CMA5.5m24042024SwissBoy,20,4,"4, 3",,,,,,,,,,,,
BMSC24_CMA5.5m24042024SwissBoy,21,4,"4, 3",,,,,,,,,,,,
BMSC24_CMA5.5m24042024SwissBoy,22,4,"4, 3",,,,,,,,,,,,
BMSC24_CMA5.5m24042024SwissBoy,23,4,"4, 3",,,,,,,,,,,,
BMSC23_VDG6.7m3052024AguilarPoint,3,3,"4, 3",,,,,,,,,,,,
BMSC23_VDG6.7m3052024AguilarPoint,4,4,"4, 3",,,,,,,,,,,,
BMSC23_VDG6.7m3052024AguilarPoint,5,4,"4, 3",,,,,,,,,,,,
BMSC23_VDG6.7m3052024AguilarPoint,6,4,"4, 3",,,,,,,,,,,,
BMSC23_VDG6.7m3052024AguilarPoint,7,4,"4, 3",,,,,,,,,,,,
BMSC23_VDG6.7m3052024AguilarPoint,8,4,"4, 3",,,,,,,,,,,,
BMSC23_VDG6.7m3052024AguilarPoint,9,3,"4, 3",,,,,,,,,,,,
BMSC23_VDG6.7m3052024AguilarPoint,10,4,"4, 3",,,,,,,,,,,,
BMSC23_VDG6.7m3052024AguilarPoint,11,4,"4, 3",,,,,,,,,,,,
BMSC23_VDG6.7m3052024AguilarPoint,12,4,"4, 3",,,,,,,,,,,,
BMSC23_VDG6.7m3052024AguilarPoint,13,3,"4, 3",,,,,,,,,,,,
BMSC23_VDG6.7m3052024AguilarPoint,14,3,"4, 3",,,,,,,,,,,,
BMSC23_VDG6.7m3052024AguilarPoint,15,4,"4, 3",,,,,,,,,,,,
BMSC23_VDG6.7m3052024AguilarPoint,16,3,"4, 3",,,,,,,,,,,,
BMSC23_VDG6.7m3052024AguilarPoint,17,4,"4, 3",,,,,,,,,,,,
BMSC23_VDG6.7m3052024AguilarPoint,18,3,"4, 3",,,,,,,,,,,,
BMSC23_VDG6.7m3052024AguilarPoint,19,3,"4, 3",,,,,,,,,,,,
BMSC23_VDG6.7m3052024AguilarPoint,20,3,"4, 3",,,,,,,,,,,,
BMSC23_VDG6.7m3052024AguilarPoint,21,3,"4, 3",,,,,,,,,,,,
BMSC23_VDG6.7m3052024AguilarPoint,22,4,"4, 3",,,,,,,,,,,,
BMSC23_VDG6.7m3052024AguilarPoint,23,3,"4, 3",,,,,,,,,,,,
BMSC23_VDG6.7m3052024AguilarPoint,24,4,"4, 3",,,,,,,,,,,,
BMSC23_VDG6.7m3052024AguilarPoint,25,4,"4, 3",,,,,,,,,,,,
BMSC23_VDG6.7m3052024AguilarPoint,26,4,"4, 3",,,,,,,,,,,,
BMSC14_VDG6m1052024EffinghamArchipelago,3,4,"4, 3",,,,,,,,,,,,
BMSC14_VDG6m1052024EffinghamArchipelago,4,3,"4, 3",,,,,,,,,,,,
BMSC14_VDG6m1052024EffinghamArchipelago,5,4,"4, 3",,,,,,,,,,,,
BMSC14_VDG6m1052024EffinghamArchipelago,6,3,"4, 3",,,,,,,,,,,,
BMSC14_VDG6m1052024EffinghamArchipelago,7,4,"4, 3",,,,,,,,,,,,
BMSC14_VDG6m1052024EffinghamArchipelago,8,3,"4, 3",,,,,,,,,,,,
BMSC14_VDG6m1052024EffinghamArchipelago,9,4,"4, 3",,,,,,,,,,,,
BMSC14_VDG6m1052024EffinghamArchipelago,10,3,"4, 3",,,,,,,,,,,,
BMSC14_VDG6m1052024EffinghamArchipelago,11,4,"4, 3",,,,,,,,,,,,
BMSC14_VDG6m1052024EffinghamArchipelago,12,4,"4, 3",,,,,,,,,,,,
BMSC14_VDG6m1052024EffinghamArchipelago,13,4,"4, 3",,,,,,,,,,,,
BMSC14_VDG6m1052024EffinghamArchipelago,14,4,"4, 3",,,,,,,,,,,,
BMSC14_VDG6m1052024EffinghamArchipelago,15,4,"4, 3",,,,,,,,,,,,
BMSC14_VDG6m1052024EffinghamArchipelago,16,3,"4, 3",,,,,,,,,,,,
BMSC14_VDG6m1052024EffinghamArchipelago,17,4,"4, 3",,,,,,,,,,,,
BMSC14_VDG6m1052024EffinghamArchipelago,18,3,"4, 3",,,,,,,,,,,,
BMSC14_VDG6m1052024EffinghamArchipelago,19,4,"4, 3",,,,,,,,,,,,
BMSC14_VDG6m1052024EffinghamArchipelago,20,3,"4, 3",,,,,,,,,,,,
BMSC14_VDG6m1052024EffinghamArchipelago,21,4,"4, 3",,,,,,,,,,,,
BMSC14_VDG6m1052024EffinghamArchipelago,22,4,"4, 3",,,,,,,,,,,,
BMSC14_VDG6m1052024EffinghamArchipelago,23,4,"4, 3",,,,,,,,,,,,
BMSC14_VDG6m1052024EffinghamArchipelago,24,4,"4, 3",,,,,,,,,,,,
BMSC14_VDG6m1052024EffinghamArchipelago,25,3,"4, 3",,,,,,,,,,,,
BMSC19_CMA8.5m25042024EdKingSWPyramid,2,4,"4, 3",,,,,,,,,,,,
BMSC19_CMA8.5m25042024EdKingSWPyramid,3,4,"4, 3",,,,,,,,,,,,
BMSC19_CMA8.5m25042024EdKingSWPyramid,4,3,"4, 3",,,,,,,,,,,,
BMSC19_CMA8.5m25042024EdKingSWPyramid,5,3,"4, 3",,,,,,,,,,,,
BMSC19_CMA8.5m25042024EdKingSWPyramid,6,3,"4, 3",,,,,,,,,,,,
BMSC19_CMA8.5m25042024EdKingSWPyramid,7,3,"4, 3",,,,,,,,,,,,
BMSC19_CMA8.5m25042024EdKingSWPyramid,8,3,"4, 3",,,,,,,,,,,,
BMSC19_CMA8.5m25042024EdKingSWPyramid,9,4,"4, 3",,,,,,,,,,,,
BMSC19_CMA8.5m25042024EdKingSWPyramid,10,some school of larvae in way,"4, 3",,,,,,,,,,,,
BMSC19_CMA8.5m25042024EdKingSWPyramid,11,4,"4, 3",,,,,,,,,,,,
BMSC19_CMA8.5m25042024EdKingSWPyramid,12,4,"4, 3",,,,,,,,,,,,
BMSC19_CMA8.5m25042024EdKingSWPyramid,13,4,"4, 3",,,,,,,,,,,,
BMSC19_CMA8.5m25042024EdKingSWPyramid,14,4,"4, 3",,,,,,,,,,,,
BMSC19_CMA8.5m25042024EdKingSWPyramid,15,4,"4, 3",,,,,,,,,,,,
BMSC19_CMA8.5m25042024EdKingSWPyramid,16,4,"4, 3",,,,,,,,,,,,
BMSC19_CMA8.5m25042024EdKingSWPyramid,17,same school,"4, 3",,,,,,,,,,,,
BMSC19_CMA8.5m25042024EdKingSWPyramid,18,4,"4, 3",,,,,,,,,,,,
BMSC19_CMA8.5m25042024EdKingSWPyramid,19,same school,"4, 3",,,,,,,,,,,,
BMSC19_CMA8.5m25042024EdKingSWPyramid,20,3,"4, 3",,,,,,,,,,,,
BMSC19_CMA8.5m25042024EdKingSWPyramid,21,4,"4, 3",,,,,,,,,,,,
BMSC19_CMA8.5m25042024EdKingSWPyramid,22,4,"4, 3",,,,,,,,,,,,
BMSC19_CMA8.5m25042024EdKingSWPyramid,23,3,"4, 3",,,,,,,,,,,,
BMSC19_CMA8.5m25042024EdKingSWPyramid,24,4,"4, 3",,,,,,,,,,,,