Transect,site_code,depth,Photo_num,photo_score,transect_score,dominant_score,secondary_score
BMSC26_CMA6.5m24042024HosieSouth,BMSC26,6.5,3,4,"4, 2",4,2
BMSC26_CMA6.5m24042024HosieSouth,BMSC26,6.5,4,4,"4, 2",4,2
BMSC26_CMA6.5m24042024HosieSouth,BMSC26,6.5,5,2,"4, 2",4,2
BMSC26_CMA6.5m24042024HosieSouth,BMSC26,6.5,6,4,"4, 2",4,2
BMSC26_CMA6.5m24042024HosieSouth,BMSC26,6.5,7,4,"4, 2",4,2
BMSC26_CMA6.5m24042024HosieSouth,BMSC26,6.5,8,2,"4, 2",4,2
BMSC26_CMA6.5m24042024HosieSouth,BMSC26,6.5,9,2,"4, 2",4,2
BMSC26_CMA6.5m24042024HosieSouth,BMSC26,6.5,10,2,"4, 2",4,2
BMSC26_CMA6.5m24042024HosieSouth,BMSC26,6.5,11,4,"4, 2",4,2
BMSC26_CMA6.5m24042024HosieSouth,BMSC26,6.5,12,2,"4, 2",4,2
BMSC26_CMA6.5m24042024HosieSouth,BMSC26,6.5,13,4,"4, 2",4,2
BMSC26_CMA6.5m24042024HosieSouth,BMSC26,6.5,14,2,"4, 2",4,2
BMSC26_CMA6.5m24042024HosieSouth,BMSC26,6.5,15,Only Kelp,"4, 2",4,2
BMSC26_CMA6.5m24042024HosieSouth,BMSC26,6.5,16,Only Kelp,"4, 2",4,2
BMSC26_CMA6.5m24042024HosieSouth,BMSC26,6.5,17,3,"4, 2",4,2
BMSC26_CMA6.5m24042024HosieSouth,BMSC26,6.5,18,3,"4, 2",4,2
BMSC26_CMA6.5m24042024HosieSouth,BMSC26,6.5,19,3,"4, 2",4,2
BMSC26_CMA6.5m24042024HosieSouth,BMSC26,6.5,20,3,"4, 2",4,2
BMSC26_CMA6.5m24042024HosieSouth,BMSC26,6.5,21,4,"4, 2",4,2
BMSC26_CMA6.5m24042024HosieSouth,BMSC26,6.5,22,Only Kelp,"4, 2",4,2
BMSC26_CMA6.5m24042024HosieSouth,BMSC26,6.5,23,4,"4, 2",4,2
BMSC26_CMA6.5m24042024HosieSouth,BMSC26,6.5,24,2,"4, 2",4,2
BMSC26_CMA6.5m24042024HosieSouth,BMSC26,6.5,25,2,"4, 2",4,2
BMSC26_CMA6.5m24042024HosieSouth,BMSC26,6.5,26,2,"4, 2",4,2
BMSC26_CMA6.5m24042024HosieSouth,BMSC26,6.5,27,3,"4, 2",4,2
BMSC26_CMA6.5m24042024HosieSouth,BMSC26,6.5,28,3,"4, 2",4,2
BMSC26_CMA6.5m24042024HosieSouth,BMSC26,6.5,29,3,"4, 2",4,2
BMSC26_CMA6.5m24042024HosieSouth,BMSC26,6.5,30,4,"4, 2",4,2
BMSC26_CMA6.5m24042024HosieSouth,BMSC26,6.5,31,4,"4, 2",4,2
BMSC26_CMA6.5m24042024HosieSouth,BMSC26,6.5,32,4,"4, 2",4,2
BMSC26_CMA6.5m24042024HosieSouth,BMSC26,6.5,33,4,"4, 2",4,2
BMSC27_VDG8.5m3052024SanJoseNorthIsland,BMSC27,8.5,3,4,"4, 3",4,3
BMSC27_VDG8.5m3052024SanJoseNorthIsland,BMSC27,8.5,4,4,"4, 3",4,3
BMSC27_VDG8.5m3052024SanJoseNorthIsland,BMSC27,8.5,5,4,"4, 3",4,3
BMSC27_VDG8.5m3052024SanJoseNorthIsland,BMSC27,8.5,6,4,"4, 3",4,3
BMSC27_VDG8.5m3052024SanJoseNorthIsland,BMSC27,8.5,7,4,"4, 3",4,3
BMSC27_VDG8.5m3052024SanJoseNorthIsland,BMSC27,8.5,8,4,"4, 3",4,3
BMSC27_VDG8.5m3052024SanJoseNorthIsland,BMSC27,8.5,9,4,"4, 3",4,3
BMSC27_VDG8.5m3052024SanJoseNorthIsland,BMSC27,8.5,10,4,"4, 3",4,3
BMSC27_VDG8.5m3052024SanJoseNorthIsland,BMSC27,8.5,11,4,"4, 3",4,3
BMSC27_VDG8.5m3052024SanJoseNorthIsland,BMSC27,8.5,12,4,"4, 3",4,3
BMSC27_VDG8.5m3052024SanJoseNorthIsland,BMSC27,8.5,13,4,"4, 3",4,3
BMSC27_VDG8.5m3052024SanJoseNorthIsland,BMSC27,8.5,14,2,"4, 3",4,3
BMSC27_VDG8.5m3052024SanJoseNorthIsland,BMSC27,8.5,15,,"4, 3",4,3
BMSC27_VDG8.5m3052024SanJoseNorthIsland,BMSC27,8.5,16,3,"4, 3",4,3
BMSC27_VDG8.5m3052024SanJoseNorthIsland,BMSC27,8.5,17,4,"4, 3",4,3
BMSC27_VDG8.5m3052024SanJoseNorthIsland,BMSC27,8.5,18,4,"4, 3",4,3
BMSC27_VDG8.5m3052024SanJoseNorthIsland,BMSC27,8.5,19,4,"4, 3",4,3
BMSC27_VDG8.5m3052024SanJoseNorthIsland,BMSC27,8.5,20,4,"4, 3",4,3
BMSC27_VDG8.5m3052024SanJoseNorthIsland,BMSC27,8.5,21,3,"4, 3",4,3
BMSC27_VDG8.5m3052024SanJoseNorthIsland,BMSC27,8.5,22,3,"4, 3",4,3
BMSC27_VDG8.5m3052024SanJoseNorthIsland,BMSC27,8.5,23,4,"4, 3",4,3
BMSC27_VDG8.5m3052024SanJoseNorthIsland,BMSC27,8.5,24,4,"4, 3",4,3
BMSC27_VDG8.5m3052024SanJoseNorthIsland,BMSC27,8.5,25,4,"4, 3",4,3
BMSC27_VDG8.5m3052024SanJoseNorthIsland,BMSC27,8.5,26,4,"4, 3",4,3
BMSC6_EGL11m22042024BaeriaRocksSouth,BMSC6,11.0,3,4,"4, 3",4,3
BMSC6_EGL11m22042024BaeriaRocksSouth,BMSC6,11.0,4,3,"4, 3",4,3
BMSC6_EGL11m22042024BaeriaRocksSouth,BMSC6,11.0,5,3,"4, 3",4,3
BMSC6_EGL11m22042024BaeriaRocksSouth,BMSC6,11.0,6,3,"4, 3",4,3
BMSC6_EGL11m22042024BaeriaRocksSouth,BMSC6,11.0,7,4,"4, 3",4,3
BMSC6_EGL11m22042024BaeriaRocksSouth,BMSC6,11.0,8,3,"4, 3",4,3
BMSC6_EGL11m22042024BaeriaRocksSouth,BMSC6,11.0,9,3,"4, 3",4,3
BMSC6_EGL11m22042024BaeriaRocksSouth,BMSC6,11.0,10,4,"4, 3",4,3
BMSC6_EGL11m22042024BaeriaRocksSouth,BMSC6,11.0,11,4,"4, 3",4,3
BMSC6_EGL11m22042024BaeriaRocksSouth,BMSC6,11.0,12,4,"4, 3",4,3
BMSC6_EGL11m22042024BaeriaRocksSouth,BMSC6,11.0,13,4,"4, 3",4,3
BMSC6_EGL11m22042024BaeriaRocksSouth,BMSC6,11.0,14,3,"4, 3",4,3
BMSC6_EGL11m22042024BaeriaRocksSouth,BMSC6,11.0,15,3,"4, 3",4,3
BMSC6_EGL11m22042024BaeriaRocksSouth,BMSC6,11.0,16,4,"4, 3",4,3
BMSC6_EGL11m22042024BaeriaRocksSouth,BMSC6,11.0,17,3,"4, 3",4,3
BMSC6_EGL11m22042024BaeriaRocksSouth,BMSC6,11.0,18,3,"4, 3",4,3
BMSC6_EGL11m22042024BaeriaRocksSouth,BMSC6,11.0,19,4,"4, 3",4,3
BMSC6_EGL11m22042024BaeriaRocksSouth,BMSC6,11.0,20,4,"4, 3",4,3
BMSC6_EGL11m22042024BaeriaRocksSouth,BMSC6,11.0,21,4,"4, 3",4,3
BMSC6_EGL11m22042024BaeriaRocksSouth,BMSC6,11.0,22,4,"4, 3",4,3
BMSC6_EGL11m22042024BaeriaRocksSouth,BMSC6,11.0,23,4,"4, 3",4,3
BMSC11_CMA7.5m26042024WizardIslandSouth,BMSC11,7.5,2,2,"4, 2",4,2
BMSC11_CMA7.5m26042024WizardIslandSouth,BMSC11,7.5,3,4,"4, 2",4,2
BMSC11_CMA7.5m26042024WizardIslandSouth,BMSC11,7.5,4,4,"4, 2",4,2
BMSC11_CMA7.5m26042024WizardIslandSouth,BMSC11,7.5,5,4,"4, 2",4,2
BMSC11_CMA7.5m26042024WizardIslandSouth,BMSC11,7.5,6,4,"4, 2",4,2
BMSC11_CMA7.5m26042024WizardIslandSouth,BMSC11,7.5,7,2,"4, 2",4,2
BMSC11_CMA7.5m26042024WizardIslandSouth,BMSC11,7.5,8,2,"4, 2",4,2
BMSC11_CMA7.5m26042024WizardIslandSouth,BMSC11,7.5,9,2,"4, 2",4,2
BMSC11_CMA7.5m26042024WizardIslandSouth,BMSC11,7.5,10,2,"4, 2",4,2
BMSC11_CMA7.5m26042024WizardIslandSouth,BMSC11,7.5,11,2,"4, 2",4,2
BMSC11_CMA7.5m26042024WizardIslandSouth,BMSC11,7.5,12,2,"4, 2",4,2
BMSC11_CMA7.5m26042024WizardIslandSouth,BMSC11,7.5,13,4,"4, 2",4,2
BMSC11_CMA7.5m26042024WizardIslandSouth,BMSC11,7.5,14,3,"4, 2",4,2
BMSC11_CMA7.5m26042024WizardIslandSouth,BMSC11,7.5,15,4,"4, 2",4,2
BMSC11_CMA7.5m26042024WizardIslandSouth,BMSC11,7.5,16,4,"4, 2",4,2
BMSC11_CMA7.5m26042024WizardIslandSouth,BMSC11,7.5,17,4,"4, 2",4,2
BMSC11_CMA7.5m26042024WizardIslandSouth,BMSC11,7.5,18,2,"4, 2",4,2
BMSC11_CMA7.5m26042024WizardIslandSouth,BMSC11,7.5,19,4,"4, 2",4,2
BMSC11_CMA7.5m26042024WizardIslandSouth,BMSC11,7.5,20,4,"4, 2",4,2
BMSC11_CMA7.5m26042024WizardIslandSouth,BMSC11,7.5,21,4,"4, 2",4,2
BMSC11_CMA7.5m26042024WizardIslandSouth,BMSC11,7.5,22,2,"4, 2",4,2
BMSC11_CMA7.5m26042024WizardIslandSouth,BMSC11,7.5,23,4,"4, 2",4,2
BMSC11_CMA7.5m26042024WizardIslandSouth,BMSC11,7.5,24,2,"4, 2",4,2
BMSC11_CMA7.5m26042024WizardIslandSouth,BMSC11,7.5,25,4,"4, 2",4,2
BMSC11_CMA7.5m26042024WizardIslandSouth,BMSC11,7.5,26,4,"4, 2",4,2
BMSC11_CMA7.5m26042024WizardIslandSouth,BMSC11,7.5,27,4,"4, 2",4,2
BMSC11_CMA7.5m26042024WizardIslandSouth,BMSC11,7.5,28,4,"4, 2",4,2
BMSC11_CMA7.5m26042024WizardIslandSouth,BMSC11,7.5,29,4,"4, 2",4,2
BMSC11_CMA7.5m26042024WizardIslandSouth,BMSC11,7.5,30,3,"4, 2",4,2
BMSC11_CMA7.5m26042024WizardIslandSouth,BMSC11,7.5,31,2,"4, 2",4,2
BMSC11_CMA7.5m26042024WizardIslandSouth,BMSC11,7.5,32,4,"4, 2",4,2
BMSC11_CMA7.5m26042024WizardIslandSouth,BMSC11,7.5,33,4,"4, 2",4,2
BMSC6_TB9m22042024BaeriaRocksSouth,BMSC6,8.0,4,4,"4, 3",4,3
BMSC6_TB9m22042024BaeriaRocksSouth,BMSC6,8.0,5,4,"4, 3",4,3
BMSC6_TB9m22042024BaeriaRocksSouth,BMSC6,8.0,6,4,"4, 3",4,3
BMSC6_TB9m22042024BaeriaRocksSouth,BMSC6,8.0,7,4,"4, 3",4,3
BMSC6_TB9m22042024BaeriaRocksSouth,BMSC6,8.0,8,4,"4, 3",4,3
BMSC6_TB9m22042024BaeriaRocksSouth,BMSC6,8.0,9,4,"4, 3",4,3
BMSC6_TB9m22042024BaeriaRocksSouth,BMSC6,8.0,10,3,"4, 3",4,3
BMSC6_TB9m22042024BaeriaRocksSouth,BMSC6,8.0,11,4,"4, 3",4,3
BMSC6_TB9m22042024BaeriaRocksSouth,BMSC6,8.0,12,3,"4, 3",4,3
BMSC6_TB9m22042024BaeriaRocksSouth,BMSC6,8.0,13,3,"4, 3",4,3
BMSC6_TB9m22042024BaeriaRocksSouth,BMSC6,8.0,14,4,"4, 3",4,3
BMSC6_TB9m22042024BaeriaRocksSouth,BMSC6,8.0,15,4,"4, 3",4,3
BMSC6_TB9m22042024BaeriaRocksSouth,BMSC6,8.0,16,4,"4, 3",4,3
BMSC6_TB9m22042024BaeriaRocksSouth,BMSC6,8.0,17,4,"4, 3",4,3
BMSC6_TB9m22042024BaeriaRocksSouth,BMSC6,8.0,18,3,"4, 3",4,3
BMSC6_TB9m22042024BaeriaRocksSouth,BMSC6,8.0,19,4,"4, 3",4,3
BMSC6_TB9m22042024BaeriaRocksSouth,BMSC6,8.0,20,4,"4, 3",4,3
BMSC6_TB9m22042024BaeriaRocksSouth,BMSC6,8.0,21,4,"4, 3",4,3
BMSC6_TB9m22042024BaeriaRocksSouth,BMSC6,8.0,22,3,"4, 3",4,3
BMSC6_TB9m22042024BaeriaRocksSouth,BMSC6,8.0,23,4,"4, 3",4,3
BMSC6_TB9m22042024BaeriaRocksSouth,BMSC6,8.0,24,3,"4, 3",4,3
BMSC6_TB9m22042024BaeriaRocksSouth,BMSC6,8.0,25,3,"4, 3",4,3
BMSC6_TB9m22042024BaeriaRocksSouth,BMSC6,8.0,26,3,"4, 3",4,3
BMSC6_TB9m22042024BaeriaRocksSouth,BMSC6,8.0,27,not visible,"4, 3",4,3
BMSC6_TB9m22042024BaeriaRocksSouth,BMSC6,8.0,28,4,"4, 3",4,3
BMSC11_TB5m26042024WizardS,BMSC11,5.0,3,4,"4, 2",4,2
BMSC11_TB5m26042024WizardS,BMSC11,5.0,4,4,"4, 2",4,2
BMSC11_TB5m26042024WizardS,BMSC11,5.0,5,4,"4, 2",4,2
BMSC11_TB5m26042024WizardS,BMSC11,5.0,6,4,"4, 2",4,2
BMSC11_TB5m26042024WizardS,BMSC11,5.0,7,4,"4, 2",4,2
BMSC11_TB5m26042024WizardS,BMSC11,5.0,8,4,"4, 2",4,2
BMSC11_TB5m26042024WizardS,BMSC11,5.0,9,4,"4, 2",4,2
BMSC11_TB5m26042024WizardS,BMSC11,5.0,10,4,"4, 2",4,2
BMSC11_TB5m26042024WizardS,BMSC11,5.0,11,4,"4, 2",4,2
BMSC11_TB5m26042024WizardS,BMSC11,5.0,12,4,"4, 2",4,2
BMSC11_TB5m26042024WizardS,BMSC11,5.0,13,4,"4, 2",4,2
BMSC11_TB5m26042024WizardS,BMSC11,5.0,14,4,"4, 2",4,2
BMSC11_TB5m26042024WizardS,BMSC11,5.0,15,2,"4, 2",4,2
BMSC11_TB5m26042024WizardS,BMSC11,5.0,16,4,"4, 2",4,2
BMSC11_TB5m26042024WizardS,BMSC11,5.0,17,4,"4, 2",4,2
BMSC11_TB5m26042024WizardS,BMSC11,5.0,18,4,"4, 2",4,2
BMSC11_TB5m26042024WizardS,BMSC11,5.0,19,4,"4, 2",4,2
BMSC1_CMA5m25042024DodgerChannel,BMSC1,5.0,2,3,"4, 3",4,3
BMSC1_CMA5m25042024DodgerChannel,BMSC1,5.0,3,3,"4, 3",4,3
BMSC1_CMA5m25042024DodgerChannel,BMSC1,5.0,4,4,"4, 3",4,3
BMSC1_CMA5m25042024DodgerChannel,BMSC1,5.0,5,3,"4, 3",4,3
BMSC1_CMA5m25042024DodgerChannel,BMSC1,5.0,6,4,"4, 3",4,3
BMSC1_CMA5m25042024DodgerChannel,BMSC1,5.0,7,4,"4, 3",4,3
BMSC1_CMA5m25042024DodgerChannel,BMSC1,5.0,8,3,"4, 3",4,3
BMSC1_CMA5m25042024DodgerChannel,BMSC1,5.0,9,4,"4, 3",4,3
BMSC1_CMA5m25042024DodgerChannel,BMSC1,5.0,10,4,"4, 3",4,3
BMSC1_CMA5m25042024DodgerChannel,BMSC1,5.0,11,4,"4, 3",4,3
BMSC1_CMA5m25042024DodgerChannel,BMSC1,5.0,12,4,"4, 3",4,3
BMSC1_CMA5m25042024DodgerChannel,BMSC1,5.0,13,4,"4, 3",4,3
BMSC1_CMA5m25042024DodgerChannel,BMSC1,5.0,14,4,"4, 3",4,3
BMSC1_CMA5m25042024DodgerChannel,BMSC1,5.0,15,4,"4, 3",4,3
BMSC1_CMA5m25042024DodgerChannel,BMSC1,5.0,16,4,"4, 3",4,3
BMSC1_CMA5m25042024DodgerChannel,BMSC1,5.0,17,4,"4, 3",4,3
BMSC1_CMA5m25042024DodgerChannel,BMSC1,5.0,18,4,"4, 3",4,3
BMSC1_CMA5m25042024DodgerChannel,BMSC1,5.0,19,4,"4, 3",4,3
BMSC1_CMA5m25042024DodgerChannel,BMSC1,5.0,20,4,"4, 3",4,3
BMSC1_CMA5m25042024DodgerChannel,BMSC1,5.0,21,4,"4, 3",4,3
BMSC1_CMA5m25042024DodgerChannel,BMSC1,5.0,22,4,"4, 3",4,3
BMSC1_CMA5m25042024DodgerChannel,BMSC1,5.0,23,4,"4, 3",4,3
BMSC1_CMA5m25042024DodgerChannel,BMSC1,5.0,24,4,"4, 3",4,3
BMSC25_EGL6m23042024GobyTown,BMSC25,6.0,3,3,"3, 4",3,4
BMSC25_EGL6m23042024GobyTown,BMSC25,6.0,4,4,"3, 4",3,4
BMSC25_EGL6m23042024GobyTown,BMSC25,6.0,5,3,"3, 4",3,4
BMSC25_EGL6m23042024GobyTown,BMSC25,6.0,6,3,"3, 4",3,4
BMSC25_EGL6m23042024GobyTown,BMSC25,6.0,7,3,"3, 4",3,4
BMSC25_EGL6m23042024GobyTown,BMSC25,6.0,8,3,"3, 4",3,4
BMSC25_EGL6m23042024GobyTown,BMSC25,6.0,9,3,"3, 4",3,4
BMSC25_EGL6m23042024GobyTown,BMSC25,6.0,10,3,"3, 4",3,4
BMSC25_EGL6m23042024GobyTown,BMSC25,6.0,11,3,"3, 4",3,4
BMSC25_EGL6m23042024GobyTown,BMSC25,6.0,12,4,"3, 4",3,4
BMSC25_EGL6m23042024GobyTown,BMSC25,6.0,13,4,"3, 4",3,4
BMSC25_EGL6m23042024GobyTown,BMSC25,6.0,14,4,"3, 4",3,4
BMSC25_EGL6m23042024GobyTown,BMSC25,6.0,15,3,"3, 4",3,4
BMSC25_EGL6m23042024GobyTown,BMSC25,6.0,16,3,"3, 4",3,4
BMSC25_EGL6m23042024GobyTown,BMSC25,6.0,17,3,"3, 4",3,4
BMSC25_EGL6m23042024GobyTown,BMSC25,6.0,18,4,"3, 4",3,4
BMSC25_EGL6m23042024GobyTown,BMSC25,6.0,19,4,"3, 4",3,4
BMSC25_EGL6m23042024GobyTown,BMSC25,6.0,20,4,"3, 4",3,4
BMSC25_EGL6m23042024GobyTown,BMSC25,6.0,21,3,"3, 4",3,4
BMSC25_EGL6m23042024GobyTown,BMSC25,6.0,22,3,"3, 4",3,4
BMSC25_EGL6m23042024GobyTown,BMSC25,6.0,23,4,"3, 4",3,4
BMSC8_TB7m22042024BaeriaRocksNorth,BMSC8,7.5,4,3,"3, 4",3,4
BMSC8_TB7m22042024BaeriaRocksNorth,BMSC8,7.5,5,3,"3, 4",3,4
BMSC8_TB7m22042024BaeriaRocksNorth,BMSC8,7.5,6,3,"3, 4",3,4
BMSC8_TB7m22042024BaeriaRocksNorth,BMSC8,7.5,7,3,"3, 4",3,4
BMSC8_TB7m22042024BaeriaRocksNorth,BMSC8,7.5,8,3,"3, 4",3,4
BMSC8_TB7m22042024BaeriaRocksNorth,BMSC8,7.5,9,3,"3, 4",3,4
BMSC8_TB7m22042024BaeriaRocksNorth,BMSC8,7.5,10,3,"3, 4",3,4
BMSC8_TB7m22042024BaeriaRocksNorth,BMSC8,7.5,11,3,"3, 4",3,4
BMSC8_TB7m22042024BaeriaRocksNorth,BMSC8,7.5,12,3,"3, 4",3,4
BMSC8_TB7m22042024BaeriaRocksNorth,BMSC8,7.5,13,3,"3, 4",3,4
BMSC8_TB7m22042024BaeriaRocksNorth,BMSC8,7.5,14,3,"3, 4",3,4
BMSC8_TB7m22042024BaeriaRocksNorth,BMSC8,7.5,15,3,"3, 4",3,4
BMSC8_TB7m22042024BaeriaRocksNorth,BMSC8,7.5,16,3,"3, 4",3,4
BMSC8_TB7m22042024BaeriaRocksNorth,BMSC8,7.5,17,3,"3, 4",3,4
BMSC8_TB7m22042024BaeriaRocksNorth,BMSC8,7.5,18,3,"3, 4",3,4
BMSC8_TB7m22042024BaeriaRocksNorth,BMSC8,7.5,19,3,"3, 4",3,4
BMSC8_TB7m22042024BaeriaRocksNorth,BMSC8,7.5,20,3,"3, 4",3,4
BMSC8_TB7m22042024BaeriaRocksNorth,BMSC8,7.5,21,3,"3, 4",3,4
BMSC8_TB7m22042024BaeriaRocksNorth,BMSC8,7.5,22,3,"3, 4",3,4
BMSC8_TB7m22042024BaeriaRocksNorth,BMSC8,7.5,23,3,"3, 4",3,4
BMSC8_TB7m22042024BaeriaRocksNorth,BMSC8,7.5,24,4,"3, 4",3,4
BMSC8_TB7m22042024BaeriaRocksNorth,BMSC8,7.5,25,3,"3, 4",3,4
BMSC8_TB7m22042024BaeriaRocksNorth,BMSC8,7.5,26,4,"3, 4",3,4
BMSC8_TB7m22042024BaeriaRocksNorth,BMSC8,7.5,27,4,"3, 4",3,4
BMSC8_TB7m22042024BaeriaRocksNorth,BMSC8,7.5,28,3,"3, 4",3,4
BMSC8_TB7m22042024BaeriaRocksNorth,BMSC8,7.5,29,3,"3, 4",3,4
BMSC8_TB7m22042024BaeriaRocksNorth,BMSC8,7.5,30,3,"3, 4",3,4
BMSC8_TB7m22042024BaeriaRocksNorth,BMSC8,7.5,31,3,"3, 4",3,4
BMSC8_TB7m22042024BaeriaRocksNorth,BMSC8,7.5,32,3,"3, 4",3,4
BMSC8_TB7m22042024BaeriaRocksNorth,BMSC8,7.5,33,3,"3, 4",3,4
BMSC8_TB7m22042024BaeriaRocksNorth,BMSC8,7.5,34,3,"3, 4",3,4
BMSC8_TB7m22042024BaeriaRocksNorth,BMSC8,7.5,35,3,"3, 4",3,4
BMSC8_TB7m22042024BaeriaRocksNorth,BMSC8,7.5,36,3,"3, 4",3,4
BMSC5_EGL6.5m23042024TaylorRock,BMSC5,6.5,3,4,"4, 3",4,3
BMSC5_EGL6.5m23042024TaylorRock,BMSC5,6.5,4,4,"4, 3",4,3
BMSC5_EGL6.5m23042024TaylorRock,BMSC5,6.5,5,3,"4, 3",4,3
BMSC5_EGL6.5m23042024TaylorRock,BMSC5,6.5,6,4,"4, 3",4,3
BMSC5_EGL6.5m23042024TaylorRock,BMSC5,6.5,7,4,"4, 3",4,3
BMSC5_EGL6.5m23042024TaylorRock,BMSC5,6.5,8,3,"4, 3",4,3
BMSC5_EGL6.5m23042024TaylorRock,BMSC5,6.5,9,4,"4, 3",4,3
BMSC5_EGL6.5m23042024TaylorRock,BMSC5,6.5,10,4,"4, 3",4,3
BMSC5_EGL6.5m23042024TaylorRock,BMSC5,6.5,11,4,"4, 3",4,3
BMSC5_EGL6.5m23042024TaylorRock,BMSC5,6.5,12,4,"4, 3",4,3
BMSC5_EGL6.5m23042024TaylorRock,BMSC5,6.5,13,4,"4, 3",4,3
BMSC5_EGL6.5m23042024TaylorRock,BMSC5,6.5,14,4,"4, 3",4,3
BMSC5_EGL6.5m23042024TaylorRock,BMSC5,6.5,15,4,"4, 3",4,3
BMSC5_EGL6.5m23042024TaylorRock,BMSC5,6.5,16,4,"4, 3",4,3
BMSC5_EGL6.5m23042024TaylorRock,BMSC5,6.5,17,4,"4, 3",4,3
BMSC5_EGL6.5m23042024TaylorRock,BMSC5,6.5,18,4,"4, 3",4,3
BMSC5_EGL6.5m23042024TaylorRock,BMSC5,6.5,19,4,"4, 3",4,3
BMSC5_EGL6.5m23042024TaylorRock,BMSC5,6.5,20,4,"4, 3",4,3
BMSC5_EGL6.5m23042024TaylorRock,BMSC5,6.5,21,4,"4, 3",4,3
BMSC5_EGL6.5m23042024TaylorRock,BMSC5,6.5,22,4,"4, 3",4,3
BMSC5_EGL6.5m23042024TaylorRock,BMSC5,6.5,23,4,"4, 3",4,3
BMSC4_CMA8.5m29042024Kiixin,BMSC4,8.5,2,4,"4, 2",4,2
BMSC4_CMA8.5m29042024Kiixin,BMSC4,8.5,3,2,"4, 2",4,2
BMSC4_CMA8.5m29042024Kiixin,BMSC4,8.5,4,2,"4, 2",4,2
BMSC4_CMA8.5m29042024Kiixin,BMSC4,8.5,5,2,"4, 2",4,2
BMSC4_CMA8.5m29042024Kiixin,BMSC4,8.5,6,4,"4, 2",4,2
BMSC4_CMA8.5m29042024Kiixin,BMSC4,8.5,7,4,"4, 2",4,2
BMSC4_CMA8.5m29042024Kiixin,BMSC4,8.5,8,4,"4, 2",4,2
BMSC4_CMA8.5m29042024Kiixin,BMSC4,8.5,9,4,"4, 2",4,2
BMSC4_CMA8.5m29042024Kiixin,BMSC4,8.5,10,4,"4, 2",4,2
BMSC4_CMA8.5m29042024Kiixin,BMSC4,8.5,11,4,"4, 2",4,2
BMSC4_CMA8.5m29042024Kiixin,BMSC4,8.5,12,4,"4, 2",4,2
BMSC4_CMA8.5m29042024Kiixin,BMSC4,8.5,13,4,"4, 2",4,2
BMSC4_CMA8.5m29042024Kiixin,BMSC4,8.5,14,4,"4, 2",4,2
BMSC4_CMA8.5m29042024Kiixin,BMSC4,8.5,15,4,"4, 2",4,2
BMSC4_CMA8.5m29042024Kiixin,BMSC4,8.5,16,4,"4, 2",4,2
BMSC4_CMA8.5m29042024Kiixin,BMSC4,8.5,17,4,"4, 2",4,2
BMSC4_CMA8.5m29042024Kiixin,BMSC4,8.5,18,4,"4, 2",4,2
BMSC4_CMA8.5m29042024Kiixin,BMSC4,8.5,19,4,"4, 2",4,2
BMSC4_CMA8.5m29042024Kiixin,BMSC4,8.5,20,4,"4, 2",4,2
BMSC4_CMA8.5m29042024Kiixin,BMSC4,8.5,21,4,"4, 2",4,2
BMSC4_CMA8.5m29042024Kiixin,BMSC4,8.5,22,4,"4, 2",4,2
BMSC4_CMA8.5m29042024Kiixin,BMSC4,8.5,23,4,"4, 2",4,2
BMSC4_CMA8.5m29042024Kiixin,BMSC4,8.5,24,4,"4, 2",4,2
BMSC4_CMA8.5m29042024Kiixin,BMSC4,8.5,25,4,"4, 2",4,2
BMSC4_CMA8.5m29042024Kiixin,BMSC4,8.5,26,4,"4, 2",4,2
BMSC5_TB6m23042024TaylorRock,BMSC5,6.0,3,4,"3, 4",3,4
BMSC5_TB6m23042024TaylorRock,BMSC5,6.0,4,3,"3, 4",3,4
BMSC5_TB6m23042024TaylorRock,BMSC5,6.0,5,3,"3, 4",3,4
BMSC5_TB6m23042024TaylorRock,BMSC5,6.0,6,3,"3, 4",3,4
BMSC5_TB6m23042024TaylorRock,BMSC5,6.0,7,4,"3, 4",3,4
BMSC5_TB6m23042024TaylorRock,BMSC5,6.0,8,3,"3, 4",3,4
BMSC5_TB6m23042024TaylorRock,BMSC5,6.0,9,3,"3, 4",3,4
BMSC5_TB6m23042024TaylorRock,BMSC5,6.0,10,3,"3, 4",3,4
BMSC5_TB6m23042024TaylorRock,BMSC5,6.0,11,3,"3, 4",3,4
BMSC5_TB6m23042024TaylorRock,BMSC5,6.0,12,3,"3, 4",3,4
BMSC5_TB6m23042024TaylorRock,BMSC5,6.0,13,3,"3, 4",3,4
BMSC5_TB6m23042024TaylorRock,BMSC5,6.0,14,same as 13,"3, 4",3,4
BMSC5_TB6m23042024TaylorRock,BMSC5,6.0,15,3,"3, 4",3,4
BMSC5_TB6m23042024TaylorRock,BMSC5,6.0,16,3,"3, 4",3,4
BMSC5_TB6m23042024TaylorRock,BMSC5,6.0,17,3,"3, 4",3,4
BMSC5_TB6m23042024TaylorRock,BMSC5,6.0,18,3,"3, 4",3,4
BMSC5_TB6m23042024TaylorRock,BMSC5,6.0,19,3,"3, 4",3,4
BMSC5_TB6m23042024TaylorRock,BMSC5,6.0,20,3,"3, 4",3,4
BMSC5_TB6m23042024TaylorRock,BMSC5,6.0,21,3,"3, 4",3,4
BMSC5_TB6m23042024TaylorRock,BMSC5,6.0,22,3,"3, 4",3,4
BMSC5_TB6m23042024TaylorRock,BMSC5,6.0,23,3,"3, 4",3,4
BMSC5_TB6m23042024TaylorRock,BMSC5,6.0,24,3,"3, 4",3,4
BMSC5_TB6m23042024TaylorRock,BMSC5,6.0,25,4,"3, 4",3,4
BMSC5_TB6m23042024TaylorRock,BMSC5,6.0,26,4,"3, 4",3,4
BMSC5_TB6m23042024TaylorRock,BMSC5,6.0,27,4,"3, 4",3,4
BMSC5_TB6m23042024TaylorRock,BMSC5,6.0,28,4,"3, 4",3,4
BMSC5_TB6m23042024TaylorRock,BMSC5,6.0,29,3,"3, 4",3,4
BMSC5_TB6m23042024TaylorRock,BMSC5,6.0,30,3,"3, 4",3,4
BMSC15_VDG6.5m1052024RaymondKelp,BMSC15,6.5,3,kelp,"4, 2",4,2
BMSC15_VDG6.5m1052024RaymondKelp,BMSC15,6.5,4,2,"4, 2",4,2
BMSC15_VDG6.5m1052024RaymondKelp,BMSC15,6.5,5,4,"4, 2",4,2
BMSC15_VDG6.5m1052024RaymondKelp,BMSC15,6.5,6,2,"4, 2",4,2
BMSC15_VDG6.5m1052024RaymondKelp,BMSC15,6.5,7,4,"4, 2",4,2
BMSC15_VDG6.5m1052024RaymondKelp,BMSC15,6.5,8,4,"4, 2",4,2
BMSC15_VDG6.5m1052024RaymondKelp,BMSC15,6.5,9,4,"4, 2",4,2
BMSC15_VDG6.5m1052024RaymondKelp,BMSC15,6.5,10,3,"4, 2",4,2
BMSC15_VDG6.5m1052024RaymondKelp,BMSC15,6.5,11,4,"4, 2",4,2
BMSC15_VDG6.5m1052024RaymondKelp,BMSC15,6.5,12,4,"4, 2",4,2
BMSC15_VDG6.5m1052024RaymondKelp,BMSC15,6.5,13,4,"4, 2",4,2
BMSC15_VDG6.5m1052024RaymondKelp,BMSC15,6.5,14,4,"4, 2",4,2
BMSC15_VDG6.5m1052024RaymondKelp,BMSC15,6.5,15,4,"4, 2",4,2
BMSC15_VDG6.5m1052024RaymondKelp,BMSC15,6.5,16,4,"4, 2",4,2
BMSC15_VDG6.5m1052024RaymondKelp,BMSC15,6.5,17,4,"4, 2",4,2
BMSC15_VDG6.5m1052024RaymondKelp,BMSC15,6.5,18,4,"4, 2",4,2
BMSC15_VDG6.5m1052024RaymondKelp,BMSC15,6.5,19,4,"4, 2",4,2
BMSC15_VDG6.5m1052024RaymondKelp,BMSC15,6.5,20,4,"4, 2",4,2
BMSC15_VDG6.5m1052024RaymondKelp,BMSC15,6.5,21,4,"4, 2",4,2
BMSC15_VDG6.5m1052024RaymondKelp,BMSC15,6.5,22,4,"4, 2",4,2
BMSC15_VDG6.5m1052024RaymondKelp,BMSC15,6.5,23,4,"4, 2",4,2
BMSC15_VDG6.5m1052024RaymondKelp,BMSC15,6.5,24,4,"4, 2",4,2
BMSC15_VDG6.5m1052024RaymondKelp,BMSC15,6.5,25,4,"4, 2",4,2
BMSC15_VDG6.5m1052024RaymondKelp,BMSC15,6.5,26,4,"4, 2",4,2
BMSC15_VDG6.5m1052024RaymondKelp,BMSC15,6.5,27,4,"4, 2",4,2
BMSC15_VDG6.5m1052024RaymondKelp,BMSC15,6.5,28,4,"4, 2",4,2
BMSC15_VDG6.5m1052024RaymondKelp,BMSC15,6.5,29,4,"4, 2",4,2
BMSC15_VDG6.5m1052024RaymondKelp,BMSC15,6.5,30,4,"4, 2",4,2
BMSC26_TB8m24042024HosieSouth,BMSC26,8.0,3,4,"4, 3",4,3
BMSC26_TB8m24042024HosieSouth,BMSC26,8.0,4,4,"4, 3",4,3
BMSC26_TB8m24042024HosieSouth,BMSC26,8.0,5,4,"4, 3",4,3
BMSC26_TB8m24042024HosieSouth,BMSC26,8.0,6,4,"4, 3",4,3
BMSC26_TB8m24042024HosieSouth,BMSC26,8.0,7,4,"4, 3",4,3
BMSC26_TB8m24042024HosieSouth,BMSC26,8.0,8,4,"4, 3",4,3
BMSC26_TB8m24042024HosieSouth,BMSC26,8.0,9,4,"4, 3",4,3
BMSC26_TB8m24042024HosieSouth,BMSC26,8.0,10,4,"4, 3",4,3
BMSC26_TB8m24042024HosieSouth,BMSC26,8.0,11,4,"4, 3",4,3
BMSC26_TB8m24042024HosieSouth,BMSC26,8.0,12,4,"4, 3",4,3
BMSC26_TB8m24042024HosieSouth,BMSC26,8.0,13,4,"4, 3",4,3
BMSC26_TB8m24042024HosieSouth,BMSC26,8.0,14,4,"4, 3",4,3
BMSC26_TB8m24042024HosieSouth,BMSC26,8.0,15,4,"4, 3",4,3
BMSC26_TB8m24042024HosieSouth,BMSC26,8.0,16,4,"4, 3",4,3
BMSC26_TB8m24042024HosieSouth,BMSC26,8.0,17,4,"4, 3",4,3
BMSC26_TB8m24042024HosieSouth,BMSC26,8.0,18,4,"4, 3",4,3
BMSC26_TB8m24042024HosieSouth,BMSC26,8.0,19,3,"4, 3",4,3
BMSC26_TB8m24042024HosieSouth,BMSC26,8.0,20,all kelp,"4, 3",4,3
BMSC26_TB8m24042024HosieSouth,BMSC26,8.0,21,4,"4, 3",4,3
BMSC26_TB8m24042024HosieSouth,BMSC26,8.0,22,3,"4, 3",4,3
BMSC26_TB8m24042024HosieSouth,BMSC26,8.0,23,4,"4, 3",4,3
BMSC26_TB8m24042024HosieSouth,BMSC26,8.0,24,3,"4, 3",4,3
BMSC26_TB8m24042024HosieSouth,BMSC26,8.0,25,4,"4, 3",4,3
BMSC26_TB8m24042024HosieSouth,BMSC26,8.0,26,4,"4, 3",4,3
BMSC26_TB8m24042024HosieSouth,BMSC26,8.0,27,all kelp,"4, 3",4,3
BMSC26_TB8m24042024HosieSouth,BMSC26,8.0,28,4,"4, 3",4,3
BMSC22_VDG5.5m30042024DixonInside,BMSC22,5.5,3,4,"3, 4",3,4
BMSC22_VDG5.5m30042024DixonInside,BMSC22,5.5,4,3,"3, 4",3,4
BMSC22_VDG5.5m30042024DixonInside,BMSC22,5.5,5,3,"3, 4",3,4
BMSC22_VDG5.5m30042024DixonInside,BMSC22,5.5,6,3,"3, 4",3,4
BMSC22_VDG5.5m30042024DixonInside,BMSC22,5.5,7,3,"3, 4",3,4
BMSC22_VDG5.5m30042024DixonInside,BMSC22,5.5,8,3,"3, 4",3,4
BMSC22_VDG5.5m30042024DixonInside,BMSC22,5.5,9,3,"3, 4",3,4
BMSC22_VDG5.5m30042024DixonInside,BMSC22,5.5,10,3,"3, 4",3,4
BMSC22_VDG5.5m30042024DixonInside,BMSC22,5.5,11,3,"3, 4",3,4
BMSC22_VDG5.5m30042024DixonInside,BMSC22,5.5,12,2,"3, 4",3,4
BMSC22_VDG5.5m30042024DixonInside,BMSC22,5.5,13,3,"3, 4",3,4
BMSC22_VDG5.5m30042024DixonInside,BMSC22,5.5,14,3,"3, 4",3,4
BMSC22_VDG5.5m30042024DixonInside,BMSC22,5.5,15,3,"3, 4",3,4
BMSC22_VDG5.5m30042024DixonInside,BMSC22,5.5,16,3,"3, 4",3,4
BMSC22_VDG5.5m30042024DixonInside,BMSC22,5.5,17,3,"3, 4",3,4
BMSC22_VDG5.5m30042024DixonInside,BMSC22,5.5,18,3,"3, 4",3,4
BMSC22_VDG5.5m30042024DixonInside,BMSC22,5.5,19,3,"3, 4",3,4
BMSC22_VDG5.5m30042024DixonInside,BMSC22,5.5,20,3,"3, 4",3,4
BMSC22_VDG5.5m30042024DixonInside,BMSC22,5.5,21,3,"3, 4",3,4
BMSC22_VDG5.5m30042024DixonInside,BMSC22,5.5,22,3,"3, 4",3,4
BMSC22_VDG5.5m30042024DixonInside,BMSC22,5.5,23,3,"3, 4",3,4
BMSC22_VDG5.5m30042024DixonInside,BMSC22,5.5,24,4,"3, 4",3,4
BMSC22_VDG5.5m30042024DixonInside,BMSC22,5.5,25,4,"3, 4",3,4
BMSC22_VDG5.5m30042024DixonInside,BMSC22,5.5,26,4,"3, 4",3,4
BMSC22_VDG5.5m30042024DixonInside,BMSC22,5.5,27,4,"3, 4",3,4
BMSC22_VDG5.5m30042024DixonInside,BMSC22,5.5,28,4,"3, 4",3,4
BMSC22_VDG5.5m30042024DixonInside,BMSC22,5.5,29,4,"3, 4",3,4
BMSC24_TB10m24042024SwissBoy,BMSC24,10.5,4,4,"4, 3",4,3
BMSC24_TB10m24042024SwissBoy,BMSC24,10.5,5,4,"4, 3",4,3
BMSC24_TB10m24042024SwissBoy,BMSC24,10.5,6,3,"4, 3",4,3
BMSC24_TB10m24042024SwissBoy,BMSC24,10.5,7,4,"4, 3",4,3
BMSC24_TB10m24042024SwissBoy,BMSC24,10.5,8,4,"4, 3",4,3
BMSC24_TB10m24042024SwissBoy,BMSC24,10.5,9,4,"4, 3",4,3
BMSC24_TB10m24042024SwissBoy,BMSC24,10.5,10,4,"4, 3",4,3
BMSC24_TB10m24042024SwissBoy,BMSC24,10.5,11,3,"4, 3",4,3
BMSC24_TB10m24042024SwissBoy,BMSC24,10.5,12,3,"4, 3",4,3
BMSC24_TB10m24042024SwissBoy,BMSC24,10.5,13,3,"4, 3",4,3
BMSC24_TB10m24042024SwissBoy,BMSC24,10.5,14,4,"4, 3",4,3
BMSC24_TB10m24042024SwissBoy,BMSC24,10.5,15,4,"4, 3",4,3
BMSC24_TB10m24042024SwissBoy,BMSC24,10.5,16,3,"4, 3",4,3
BMSC24_TB10m24042024SwissBoy,BMSC24,10.5,17,3,"4, 3",4,3
BMSC24_TB10m24042024SwissBoy,BMSC24,10.5,18,4,"4, 3",4,3
BMSC24_TB10m24042024SwissBoy,BMSC24,10.5,19,3,"4, 3",4,3
BMSC24_TB10m24042024SwissBoy,BMSC24,10.5,20,4,"4, 3",4,3
BMSC24_TB10m24042024SwissBoy,BMSC24,10.5,21,4,"4, 3",4,3
BMSC24_TB10m24042024SwissBoy,BMSC24,10.5,22,4,"4, 3",4,3
BMSC24_TB10m24042024SwissBoy,BMSC24,10.5,23,4,"4, 3",4,3
BMSC24_TB10m24042024SwissBoy,BMSC24,10.5,24,4,"4, 3",4,3
BMSC24_TB10m24042024SwissBoy,BMSC24,10.5,25,4,"4, 3",4,3
BMSC24_TB10m24042024SwissBoy,BMSC24,10.5,26,4,"4, 3",4,3
BMSC1_TB6m25042024Dodger,BMSC1,6.5,2,4,"4, 3",4,3
BMSC1_TB6m25042024Dodger,BMSC1,6.5,3,4,"4, 3",4,3
BMSC1_TB6m25042024Dodger,BMSC1,6.5,4,3,"4, 3",4,3
BMSC1_TB6m25042024Dodger,BMSC1,6.5,5,3,"4, 3",4,3
BMSC1_TB6m25042024Dodger,BMSC1,6.5,6,3,"4, 3",4,3
BMSC1_TB6m25042024Dodger,BMSC1,6.5,7,3,"4, 3",4,3
BMSC1_TB6m25042024Dodger,BMSC1,6.5,8,4,"4, 3",4,3
BMSC1_TB6m25042024Dodger,BMSC1,6.5,9,3,"4, 3",4,3
BMSC1_TB6m25042024Dodger,BMSC1,6.5,10,3,"4, 3",4,3
BMSC1_TB6m25042024Dodger,BMSC1,6.5,11,4,"4, 3",4,3
BMSC1_TB6m25042024Dodger,BMSC1,6.5,12,4,"4, 3",4,3
BMSC1_TB6m25042024Dodger,BMSC1,6.5,13,4,"4, 3",4,3
BMSC1_TB6m25042024Dodger,BMSC1,6.5,14,4,"4, 3",4,3
BMSC1_TB6m25042024Dodger,BMSC1,6.5,15,4,"4, 3",4,3
BMSC1_TB6m25042024Dodger,BMSC1,6.5,16,4,"4, 3",4,3
BMSC1_TB6m25042024Dodger,BMSC1,6.5,17,4,"4, 3",4,3
BMSC1_TB6m25042024Dodger,BMSC1,6.5,18,4,"4, 3",4,3
BMSC1_TB6m25042024Dodger,BMSC1,6.5,19,4,"4, 3",4,3
BMSC1_TB6m25042024Dodger,BMSC1,6.5,20,4,"4, 3",4,3
BMSC1_TB6m25042024Dodger,BMSC1,6.5,21,4,"4, 3",4,3
BMSC1_TB6m25042024Dodger,BMSC1,6.5,22,4,"4, 3",4,3
BMSC1_TB6m25042024Dodger,BMSC1,6.5,23,2,"4, 3",4,3
BMSC1_TB6m25042024Dodger,BMSC1,6.5,24,4,"4, 3",4,3
BMSC1_TB6m25042024Dodger,BMSC1,6.5,25,4,"4, 3",4,3
BMSC1_TB6m25042024Dodger,BMSC1,6.5,26,4,"4, 3",4,3
BMSC18_JMS8.5m02052024_EussenRock,BMSC18,8.5,5,4,"4, 3",4,3
BMSC18_JMS8.5m02052024_EussenRock,BMSC18,8.5,6,4,"4, 3",4,3
BMSC18_JMS8.5m02052024_EussenRock,BMSC18,8.5,7,4,"4, 3",4,3
BMSC18_JMS8.5m02052024_EussenRock,BMSC18,8.5,8,4,"4, 3",4,3
BMSC18_JMS8.5m02052024_EussenRock,BMSC18,8.5,9,4,"4, 3",4,3
BMSC18_JMS8.5m02052024_EussenRock,BMSC18,8.5,10,4,"4, 3",4,3
BMSC18_JMS8.5m02052024_EussenRock,BMSC18,8.5,11,4,"4, 3",4,3
BMSC18_JMS8.5m02052024_EussenRock,BMSC18,8.5,12,4,"4, 3",4,3
BMSC18_JMS8.5m02052024_EussenRock,BMSC18,8.5,13,4,"4, 3",4,3
BMSC18_JMS8.5m02052024_EussenRock,BMSC18,8.5,14,4,"4, 3",4,3
BMSC18_JMS8.5m02052024_EussenRock,BMSC18,8.5,15,4,"4, 3",4,3
BMSC18_JMS8.5m02052024_EussenRock,BMSC18,8.5,16,4,"4, 3",4,3
BMSC18_JMS8.5m02052024_EussenRock,BMSC18,8.5,17,4,"4, 3",4,3
BMSC18_JMS8.5m02052024_EussenRock,BMSC18,8.5,18,4,"4, 3",4,3
BMSC18_JMS8.5m02052024_EussenRock,BMSC18,8.5,19,4,"4, 3",4,3
BMSC18_JMS8.5m02052024_EussenRock,BMSC18,8.5,20,4,"4, 3",4,3
BMSC18_JMS8.5m02052024_EussenRock,BMSC18,8.5,21,4,"4, 3",4,3
BMSC18_JMS8.5m02052024_EussenRock,BMSC18,8.5,22,3,"4, 3",4,3
BMSC18_JMS8.5m02052024_EussenRock,BMSC18,8.5,23,4,"4, 3",4,3
BMSC17_VDG5.8m30042024WouwerChannel,BMSC17,5.8,3,4,"4, 3",4,3
BMSC17_VDG5.8m30042024WouwerChannel,BMSC17,5.8,4,4,"4, 3",4,3
BMSC17_VDG5.8m30042024WouwerChannel,BMSC17,5.8,5,4,"4, 3",4,3
BMSC17_VDG5.8m30042024WouwerChannel,BMSC17,5.8,6,4,"4, 3",4,3
BMSC17_VDG5.8m30042024WouwerChannel,BMSC17,5.8,7,4,"4, 3",4,3
BMSC17_VDG5.8m30042024WouwerChannel,BMSC17,5.8,8,4,"4, 3",4,3
BMSC17_VDG5.8m30042024WouwerChannel,BMSC17,5.8,9,4,"4, 3",4,3
BMSC17_VDG5.8m30042024WouwerChannel,BMSC17,5.8,10,4,"4, 3",4,3
BMSC17_VDG5.8m30042024WouwerChannel,BMSC17,5.8,11,3,"4, 3",4,3
BMSC17_VDG5.8m30042024WouwerChannel,BMSC17,5.8,12,4,"4, 3",4,3
BMSC17_VDG5.8m30042024WouwerChannel,BMSC17,5.8,13,3,"4, 3",4,3
BMSC17_VDG5.8m30042024WouwerChannel,BMSC17,5.8,14,4,"4, 3",4,3
BMSC17_VDG5.8m30042024WouwerChannel,BMSC17,5.8,15,3,"4, 3",4,3
BMSC17_VDG5.8m30042024WouwerChannel,BMSC17,5.8,16,3,"4, 3",4,3
BMSC17_VDG5.8m30042024WouwerChannel,BMSC17,5.8,17,3,"4, 3",4,3
BMSC17_VDG5.8m30042024WouwerChannel,BMSC17,5.8,18,3,"4, 3",4,3
BMSC17_VDG5.8m30042024WouwerChannel,BMSC17,5.8,19,2,"4, 3",4,3
BMSC17_VDG5.8m30042024WouwerChannel,BMSC17,5.8,20,2,"4, 3",4,3
BMSC17_VDG5.8m30042024WouwerChannel,BMSC17,5.8,21,2,"4, 3",4,3
BMSC3_CMA6m29042024Ohiat,BMSC3,6.0,2,4,"4, 3",4,3
BMSC3_CMA6m29042024Ohiat,BMSC3,6.0,3,4,"4, 3",4,3
BMSC3_CMA6m29042024Ohiat,BMSC3,6.0,4,4,"4, 3",4,3
BMSC3_CMA6m29042024Ohiat,BMSC3,6.0,5,4,"4, 3",4,3
BMSC3_CMA6m29042024Ohiat,BMSC3,6.0,6,4,"4, 3",4,3
BMSC3_CMA6m29042024Ohiat,BMSC3,6.0,7,4,"4, 3",4,3
BMSC3_CMA6m29042024Ohiat,BMSC3,6.0,8,4,"4, 3",4,3
BMSC3_CMA6m29042024Ohiat,BMSC3,6.0,9,4,"4, 3",4,3
BMSC3_CMA6m29042024Ohiat,BMSC3,6.0,10,4,"4, 3",4,3
BMSC3_CMA6m29042024Ohiat,BMSC3,6.0,11,3,"4, 3",4,3
BMSC3_CMA6m29042024Ohiat,BMSC3,6.0,12,3,"4, 3",4,3
BMSC3_CMA6m29042024Ohiat,BMSC3,6.0,13,4,"4, 3",4,3
BMSC3_CMA6m29042024Ohiat,BMSC3,6.0,14,4,"4, 3",4,3
BMSC3_CMA6m29042024Ohiat,BMSC3,6.0,15,4,"4, 3",4,3
BMSC3_CMA6m29042024Ohiat,BMSC3,6.0,16,4,"4, 3",4,3
BMSC3_CMA6m29042024Ohiat,BMSC3,6.0,17,4,"4, 3",4,3
BMSC3_CMA6m29042024Ohiat,BMSC3,6.0,18,4,"4, 3",4,3
BMSC3_CMA6m29042024Ohiat,BMSC3,6.0,19,4,"4, 3",4,3
BMSC3_CMA6m29042024Ohiat,BMSC3,6.0,20,4,"4, 3",4,3
BMSC3_CMA6m29042024Ohiat,BMSC3,6.0,21,4,"4, 3",4,3
BMSC13_VDG3m1052024EffinghamWest,BMSC13,3.0,3,4,"4, 3",4,3
BMSC13_VDG3m1052024EffinghamWest,BMSC13,3.0,4,4,"4, 3",4,3
BMSC13_VDG3m1052024EffinghamWest,BMSC13,3.0,5,4,"4, 3",4,3
BMSC13_VDG3m1052024EffinghamWest,BMSC13,3.0,6,4,"4, 3",4,3
BMSC13_VDG3m1052024EffinghamWest,BMSC13,3.0,7,4,"4, 3",4,3
BMSC13_VDG3m1052024EffinghamWest,BMSC13,3.0,8,4,"4, 3",4,3
BMSC13_VDG3m1052024EffinghamWest,BMSC13,3.0,9,4,"4, 3",4,3
BMSC13_VDG3m1052024EffinghamWest,BMSC13,3.0,10,4,"4, 3",4,3
BMSC13_VDG3m1052024EffinghamWest,BMSC13,3.0,11,4,"4, 3",4,3
BMSC13_VDG3m1052024EffinghamWest,BMSC13,3.0,12,3,"4, 3",4,3
BMSC13_VDG3m1052024EffinghamWest,BMSC13,3.0,13,4,"4, 3",4,3
BMSC13_VDG3m1052024EffinghamWest,BMSC13,3.0,14,4,"4, 3",4,3
BMSC13_VDG3m1052024EffinghamWest,BMSC13,3.0,15,3,"4, 3",4,3
BMSC13_VDG3m1052024EffinghamWest,BMSC13,3.0,16,4,"4, 3",4,3
BMSC13_VDG3m1052024EffinghamWest,BMSC13,3.0,17,4,"4, 3",4,3
BMSC13_VDG3m1052024EffinghamWest,BMSC13,3.0,18,4,"4, 3",4,3
BMSC13_VDG3m1052024EffinghamWest,BMSC13,3.0,19,4,"4, 3",4,3
BMSC13_VDG3m1052024EffinghamWest,BMSC13,3.0,20,4,"4, 3",4,3
BMSC13_VDG3m1052024EffinghamWest,BMSC13,3.0,21,4,"4, 3",4,3
BMSC13_VDG3m1052024EffinghamWest,BMSC13,3.0,22,4,"4, 3",4,3
BMSC13_VDG3m1052024EffinghamWest,BMSC13,3.0,23,4,"4, 3",4,3
BMSC13_VDG3m1052024EffinghamWest,BMSC13,3.0,24,4,"4, 3",4,3
BMSC13_VDG3m1052024EffinghamWest,BMSC13,3.0,25,4,"4, 3",4,3
BMSC13_VDG3m1052024EffinghamWest,BMSC13,3.0,26,4,"4, 3",4,3
BMSC13_VDG3m1052024EffinghamWest,BMSC13,3.0,27,4,"4, 3",4,3
BMSC12_CMA4.5m26042024WizardIslandNorth,BMSC12,4.5,2,4,"4, 3",4,3
BMSC12_CMA4.5m26042024WizardIslandNorth,BMSC12,4.5,3,4,"4, 3",4,3
BMSC12_CMA4.5m26042024WizardIslandNorth,BMSC12,4.5,4,4,"4, 3",4,3
BMSC12_CMA4.5m26042024WizardIslandNorth,BMSC12,4.5,5,4,"4, 3",4,3
BMSC12_CMA4.5m26042024WizardIslandNorth,BMSC12,4.5,6,4,"4, 3",4,3
BMSC12_CMA4.5m26042024WizardIslandNorth,BMSC12,4.5,7,4,"4, 3",4,3
BMSC12_CMA4.5m26042024WizardIslandNorth,BMSC12,4.5,8,3,"4, 3",4,3
BMSC12_CMA4.5m26042024WizardIslandNorth,BMSC12,4.5,9,3,"4, 3",4,3
BMSC12_CMA4.5m26042024WizardIslandNorth,BMSC12,4.5,10,4,"4, 3",4,3
BMSC12_CMA4.5m26042024WizardIslandNorth,BMSC12,4.5,11,4,"4, 3",4,3
BMSC12_CMA4.5m26042024WizardIslandNorth,BMSC12,4.5,12,4,"4, 3",4,3
BMSC12_CMA4.5m26042024WizardIslandNorth,BMSC12,4.5,13,4,"4, 3",4,3
BMSC12_CMA4.5m26042024WizardIslandNorth,BMSC12,4.5,14,4,"4, 3",4,3
BMSC12_CMA4.5m26042024WizardIslandNorth,BMSC12,4.5,15,4,"4, 3",4,3
BMSC12_CMA4.5m26042024WizardIslandNorth,BMSC12,4.5,16,4,"4, 3",4,3
BMSC12_CMA4.5m26042024WizardIslandNorth,BMSC12,4.5,17,4,"4, 3",4,3
BMSC12_CMA4.5m26042024WizardIslandNorth,BMSC12,4.5,18,4,"4, 3",4,3
BMSC12_CMA4.5m26042024WizardIslandNorth,BMSC12,4.5,19,3,"4, 3",4,3
BMSC12_CMA4.5m26042024WizardIslandNorth,BMSC12,4.5,20,3,"4, 3",4,3
BMSC12_CMA4.5m26042024WizardIslandNorth,BMSC12,4.5,21,4,"4, 3",4,3
BMSC12_CMA4.5m26042024WizardIslandNorth,BMSC12,4.5,22,3,"4, 3",4,3
BMSC12_CMA4.5m26042024WizardIslandNorth,BMSC12,4.5,23,3,"4, 3",4,3
BMSC12_CMA4.5m26042024WizardIslandNorth,BMSC12,4.5,24,3,"4, 3",4,3
BMSC12_CMA4.5m26042024WizardIslandNorth,BMSC12,4.5,25,4,"4, 3",4,3
BMSC12_CMA4.5m26042024WizardIslandNorth,BMSC12,4.5,26,4,"4, 3",4,3
BMSC12_CMA4.5m26042024WizardIslandNorth,BMSC12,4.5,27,3,"4, 3",4,3
BMSC12_CMA4.5m26042024WizardIslandNorth,BMSC12,4.5,28,4,"4, 3",4,3
BMSC12_CMA4.5m26042024WizardIslandNorth,BMSC12,4.5,29,4,"4, 3",4,3
BMSC12_CMA4.5m26042024WizardIslandNorth,BMSC12,4.5,30,4,"4, 3",4,3
BMSC12_CMA4.5m26042024WizardIslandNorth,BMSC12,4.5,31,4,"4, 3",4,3
BMSC12_CMA4.5m26042024WizardIslandNorth,BMSC12,4.5,32,4,"4, 3",4,3
BMSC12_CMA4.5m26042024WizardIslandNorth,BMSC12,4.5,33,4,"4, 3",4,3
BMSC12_CMA4.5m26042024WizardIslandNorth,BMSC12,4.5,34,4,"4, 3",4,3
BMSC12_CMA4.5m26042024WizardIslandNorth,BMSC12,4.5,35,4,"4, 3",4,3
BMSC12_CMA4.5m26042024WizardIslandNorth,BMSC12,4.5,36,3,"4, 3",4,3
BMSC2_VDG4.5m29042024Kirby,BMSC2,4.0,3,4,"3, 4",3,4
BMSC2_VDG4.5m29042024Kirby,BMSC2,4.0,4,3,"3, 4",3,4
BMSC2_VDG4.5m29042024Kirby,BMSC2,4.0,5,3,"3, 4",3,4
BMSC2_VDG4.5m29042024Kirby,BMSC2,4.0,6,3,"3, 4",3,4
BMSC2_VDG4.5m29042024Kirby,BMSC2,4.0,7,3,"3, 4",3,4
BMSC2_VDG4.5m29042024Kirby,BMSC2,4.0,8,3,"3, 4",3,4
BMSC2_VDG4.5m29042024Kirby,BMSC2,4.0,9,3,"3, 4",3,4
BMSC2_VDG4.5m29042024Kirby,BMSC2,4.0,10,3,"3, 4",3,4
BMSC2_VDG4.5m29042024Kirby,BMSC2,4.0,11,4,"3, 4",3,4
BMSC2_VDG4.5m29042024Kirby,BMSC2,4.0,12,3,"3, 4",3,4
BMSC2_VDG4.5m29042024Kirby,BMSC2,4.0,13,4,"3, 4",3,4
BMSC2_VDG4.5m29042024Kirby,BMSC2,4.0,14,3,"3, 4",3,4
BMSC2_VDG4.5m29042024Kirby,BMSC2,4.0,15,3,"3, 4",3,4
BMSC2_VDG4.5m29042024Kirby,BMSC2,4.0,16,3,"3, 4",3,4
BMSC2_VDG4.5m29042024Kirby,BMSC2,4.0,17,3,"3, 4",3,4
BMSC2_VDG4.5m29042024Kirby,BMSC2,4.0,18,4,"3, 4",3,4
BMSC2_VDG4.5m29042024Kirby,BMSC2,4.0,19,3,"3, 4",3,4
BMSC2_VDG4.5m29042024Kirby,BMSC2,4.0,20,3,"3, 4",3,4
BMSC2_VDG4.5m29042024Kirby,BMSC2,4.0,21,4,"3, 4",3,4
BMSC2_VDG4.5m29042024Kirby,BMSC2,4.0,22,4,"3, 4",3,4
BMSC2_VDG4.5m29042024Kirby,BMSC2,4.0,23,3,"3, 4",3,4
BMSC2_VDG4.5m29042024Kirby,BMSC2,4.0,24,4,"3, 4",3,4
BMSC2_VDG4.5m29042024Kirby,BMSC2,4.0,25,3,"3, 4",3,4
BMSC16_EGL7.5m02052024FaberIslets,BMSC16,7.5,3,3,"3, 3",3,3
BMSC16_EGL7.5m02052024FaberIslets,BMSC16,7.5,4,3,"3, 3",3,3
BMSC16_EGL7.5m02052024FaberIslets,BMSC16,7.5,5,3,"3, 3",3,3
BMSC16_EGL7.5m02052024FaberIslets,BMSC16,7.5,6,3,"3, 3",3,3
BMSC16_EGL7.5m02052024FaberIslets,BMSC16,7.5,7,3,"3, 3",3,3
BMSC16_EGL7.5m02052024FaberIslets,BMSC16,7.5,8,3,"3, 3",3,3
BMSC16_EGL7.5m02052024FaberIslets,BMSC16,7.5,9,3,"3, 3",3,3
BMSC16_EGL7.5m02052024FaberIslets,BMSC16,7.5,10,3,"3, 3",3,3
BMSC16_EGL7.5m02052024FaberIslets,BMSC16,7.5,11,3,"3, 3",3,3
BMSC16_EGL7.5m02052024FaberIslets,BMSC16,7.5,12,3,"3, 3",3,3
BMSC16_EGL7.5m02052024FaberIslets,BMSC16,7.5,13,3,"3, 3",3,3
BMSC16_EGL7.5m02052024FaberIslets,BMSC16,7.5,14,3,"3, 3",3,3
BMSC16_EGL7.5m02052024FaberIslets,BMSC16,7.5,15,3,"3, 3",3,3
BMSC16_EGL7.5m02052024FaberIslets,BMSC16,7.5,16,3,"3, 3",3,3
BMSC16_EGL7.5m02052024FaberIslets,BMSC16,7.5,17,3,"3, 3",3,3
BMSC16_EGL7.5m02052024FaberIslets,BMSC16,7.5,18,3,"3, 3",3,3
BMSC16_EGL7.5m02052024FaberIslets,BMSC16,7.5,19,3,"3, 3",3,3
BMSC16_EGL7.5m02052024FaberIslets,BMSC16,7.5,20,3,"3, 3",3,3
BMSC16_EGL7.5m02052024FaberIslets,BMSC16,7.5,21,3,"3, 3",3,3
BMSC16_EGL7.5m02052024FaberIslets,BMSC16,7.5,22,3,"3, 3",3,3
BMSC9_EGL6.5m23042024EagleBay,BMSC9,6.5,3,4,"3, 4",3,4
BMSC9_EGL6.5m23042024EagleBay,BMSC9,6.5,4,4,"3, 4",3,4
BMSC9_EGL6.5m23042024EagleBay,BMSC9,6.5,5,4,"3, 4",3,4
BMSC9_EGL6.5m23042024EagleBay,BMSC9,6.5,6,3,"3, 4",3,4
BMSC9_EGL6.5m23042024EagleBay,BMSC9,6.5,7,3,"3, 4",3,4
BMSC9_EGL6.5m23042024EagleBay,BMSC9,6.5,8,3,"3, 4",3,4
BMSC9_EGL6.5m23042024EagleBay,BMSC9,6.5,9,3,"3, 4",3,4
BMSC9_EGL6.5m23042024EagleBay,BMSC9,6.5,10,4,"3, 4",3,4
BMSC9_EGL6.5m23042024EagleBay,BMSC9,6.5,11,3,"3, 4",3,4
BMSC9_EGL6.5m23042024EagleBay,BMSC9,6.5,12,4,"3, 4",3,4
BMSC9_EGL6.5m23042024EagleBay,BMSC9,6.5,13,3,"3, 4",3,4
BMSC9_EGL6.5m23042024EagleBay,BMSC9,6.5,14,4,"3, 4",3,4
BMSC9_EGL6.5m23042024EagleBay,BMSC9,6.5,15,3,"3, 4",3,4
BMSC9_EGL6.5m23042024EagleBay,BMSC9,6.5,16,4,"3, 4",3,4
BMSC9_EGL6.5m23042024EagleBay,BMSC9,6.5,17,4,"3, 4",3,4
BMSC9_EGL6.5m23042024EagleBay,BMSC9,6.5,18,4,"3, 4",3,4
BMSC9_EGL6.5m23042024EagleBay,BMSC9,6.5,19,4,"3, 4",3,4
BMSC9_EGL6.5m23042024EagleBay,BMSC9,6.5,20,3,"3, 4",3,4
BMSC9_EGL6.5m23042024EagleBay,BMSC9,6.5,21,3,"3, 4",3,4
BMSC9_EGL6.5m23042024EagleBay,BMSC9,6.5,22,3,"3, 4",3,4
BMSC9_EGL6.5m23042024EagleBay,BMSC9,6.5,23,3,"3, 4",3,4
BMSC21_CMA6.5m30042024DixonSW,BMSC21,6.5,2,4,"4, 3",4,3
BMSC21_CMA6.5m30042024DixonSW,BMSC21,6.5,3,4,"4, 3",4,3
BMSC21_CMA6.5m30042024DixonSW,BMSC21,6.5,4,4,"4, 3",4,3
BMSC21_CMA6.5m30042024DixonSW,BMSC21,6.5,5,4,"4, 3",4,3
BMSC21_CMA6.5m30042024DixonSW,BMSC21,6.5,6,4,"4, 3",4,3
BMSC21_CMA6.5m30042024DixonSW,BMSC21,6.5,7,4,"4, 3",4,3
BMSC21_CMA6.5m30042024DixonSW,BMSC21,6.5,8,4,"4, 3",4,3
BMSC21_CMA6.5m30042024DixonSW,BMSC21,6.5,9,4,"4, 3",4,3
BMSC21_CMA6.5m30042024DixonSW,BMSC21,6.5,10,3,"4, 3",4,3
BMSC21_CMA6.5m30042024DixonSW,BMSC21,6.5,11,4,"4, 3",4,3
BMSC21_CMA6.5m30042024DixonSW,BMSC21,6.5,12,4,"4, 3",4,3
BMSC21_CMA6.5m30042024DixonSW,BMSC21,6.5,13,4,"4, 3",4,3
BMSC21_CMA6.5m30042024DixonSW,BMSC21,6.5,14,4,"4, 3",4,3
BMSC21_CMA6.5m30042024DixonSW,BMSC21,6.5,15,4,"4, 3",4,3
BMSC21_CMA6.5m30042024DixonSW,BMSC21,6.5,16,4,"4, 3",4,3
BMSC21_CMA6.5m30042024DixonSW,BMSC21,6.5,17,4,"4, 3",4,3
BMSC21_CMA6.5m30042024DixonSW,BMSC21,6.5,18,3,"4, 3",4,3
BMSC21_CMA6.5m30042024DixonSW,BMSC21,6.5,19,4,"4, 3",4,3
BMSC21_CMA6.5m30042024DixonSW,BMSC21,6.5,20,3,"4, 3",4,3
BMSC21_CMA6.5m30042024DixonSW,BMSC21,6.5,21,3,"4, 3",4,3
BMSC21_CMA6.5m30042024DixonSW,BMSC21,6.5,22,4,"4, 3",4,3
BMSC21_CMA6.5m30042024DixonSW,BMSC21,6.5,23,4,"4, 3",4,3
BMSC21_CMA6.5m30042024DixonSW,BMSC21,6.5,24,3,"4, 3",4,3
BMSC21_CMA6.5m30042024DixonSW,BMSC21,6.5,25,3,"4, 3",4,3
BMSC21_CMA6.5m30042024DixonSW,BMSC21,6.5,26,3,"4, 3",4,3
BMSC21_CMA6.5m30042024DixonSW,BMSC21,6.5,27,4,"4, 3",4,3
BMSC20_CMA6.7m25042024EdKingE,BMSC20,6.7,3,3,"4, 3",4,3
BMSC20_CMA6.7m25042024EdKingE,BMSC20,6.7,4,3,"4, 3",4,3
BMSC20_CMA6.7m25042024EdKingE,BMSC20,6.7,5,4,"4, 3",4,3
BMSC20_CMA6.7m25042024EdKingE,BMSC20,6.7,6,4,"4, 3",4,3
BMSC20_CMA6.7m25042024EdKingE,BMSC20,6.7,7,4,"4, 3",4,3
BMSC20_CMA6.7m25042024EdKingE,BMSC20,6.7,8,4,"4, 3",4,3
BMSC20_CMA6.7m25042024EdKingE,BMSC20,6.7,9,3,"4, 3",4,3
BMSC20_CMA6.7m25042024EdKingE,BMSC20,6.7,10,3,"4, 3",4,3
BMSC20_CMA6.7m25042024EdKingE,BMSC20,6.7,11,4,"4, 3",4,3
BMSC20_CMA6.7m25042024EdKingE,BMSC20,6.7,12,4,"4, 3",4,3
BMSC20_CMA6.7m25042024EdKingE,BMSC20,6.7,13,4,"4, 3",4,3
BMSC20_CMA6.7m25042024EdKingE,BMSC20,6.7,14,4,"4, 3",4,3
BMSC20_CMA6.7m25042024EdKingE,BMSC20,6.7,15,4,"4, 3",4,3
BMSC20_CMA6.7m25042024EdKingE,BMSC20,6.7,16,4,"4, 3",4,3
BMSC20_CMA6.7m25042024EdKingE,BMSC20,6.7,17,4,"4, 3",4,3
BMSC20_CMA6.7m25042024EdKingE,BMSC20,6.7,18,4,"4, 3",4,3
BMSC20_CMA6.7m25042024EdKingE,BMSC20,6.7,19,4,"4, 3",4,3
BMSC20_CMA6.7m25042024EdKingE,BMSC20,6.7,20,4,"4, 3",4,3
BMSC20_CMA6.7m25042024EdKingE,BMSC20,6.7,21,4,"4, 3",4,3
BMSC20_CMA6.7m25042024EdKingE,BMSC20,6.7,22,4,"4, 3",4,3
BMSC20_CMA6.7m25042024EdKingE,BMSC20,6.7,23,4,"4, 3",4,3
BMSC20_CMA6.7m25042024EdKingE,BMSC20,6.7,24,4,"4, 3",4,3
BMSC20_CMA6.7m25042024EdKingE,BMSC20,6.7,25,4,"4, 3",4,3
BMSC10_CMA4.5m26042024RossIsletSlugIsland,BMSC10,4.5,2,3,"3, 4",3,4
BMSC10_CMA4.5m26042024RossIsletSlugIsland,BMSC10,4.5,3,3,"3, 4",3,4
BMSC10_CMA4.5m26042024RossIsletSlugIsland,BMSC10,4.5,4,3,"3, 4",3,4
BMSC10_CMA4.5m26042024RossIsletSlugIsland,BMSC10,4.5,5,3,"3, 4",3,4
BMSC10_CMA4.5m26042024RossIsletSlugIsland,BMSC10,4.5,6,3,"3, 4",3,4
BMSC10_CMA4.5m26042024RossIsletSlugIsland,BMSC10,4.5,7,3,"3, 4",3,4
BMSC10_CMA4.5m26042024RossIsletSlugIsland,BMSC10,4.5,8,3,"3, 4",3,4
BMSC10_CMA4.5m26042024RossIsletSlugIsland,BMSC10,4.5,9,3,"3, 4",3,4
BMSC10_CMA4.5m26042024RossIsletSlugIsland,BMSC10,4.5,10,3,"3, 4",3,4
BMSC10_CMA4.5m26042024RossIsletSlugIsland,BMSC10,4.5,11,3,"3, 4",3,4
BMSC10_CMA4.5m26042024RossIsletSlugIsland,BMSC10,4.5,12,3,"3, 4",3,4
BMSC10_CMA4.5m26042024RossIsletSlugIsland,BMSC10,4.5,13,3,"3, 4",3,4
BMSC10_CMA4.5m26042024RossIsletSlugIsland,BMSC10,4.5,14,3,"3, 4",3,4
BMSC10_CMA4.5m26042024RossIsletSlugIsland,BMSC10,4.5,15,3,"3, 4",3,4
BMSC10_CMA4.5m26042024RossIsletSlugIsland,BMSC10,4.5,16,3,"3, 4",3,4
BMSC10_CMA4.5m26042024RossIsletSlugIsland,BMSC10,4.5,17,3,"3, 4",3,4
BMSC10_CMA4.5m26042024RossIsletSlugIsland,BMSC10,4.5,18,3,"3, 4",3,4
BMSC10_CMA4.5m26042024RossIsletSlugIsland,BMSC10,4.5,19,4,"3, 4",3,4
BMSC10_CMA4.5m26042024RossIsletSlugIsland,BMSC10,4.5,20,3,"3, 4",3,4
BMSC10_CMA4.5m26042024RossIsletSlugIsland,BMSC10,4.5,21,3,"3, 4",3,4
BMSC10_CMA4.5m26042024RossIsletSlugIsland,BMSC10,4.5,22,3,"3, 4",3,4
BMSC10_CMA4.5m26042024RossIsletSlugIsland,BMSC10,4.5,23,3,"3, 4",3,4
BMSC10_CMA4.5m26042024RossIsletSlugIsland,BMSC10,4.5,24,3,"3, 4",3,4
BMSC10_CMA4.5m26042024RossIsletSlugIsland,BMSC10,4.5,25,4,"3, 4",3,4
BMSC10_CMA4.5m26042024RossIsletSlugIsland,BMSC10,4.5,26,3,"3, 4",3,4
BMSC10_CMA4.5m26042024RossIsletSlugIsland,BMSC10,4.5,27,3,"3, 4",3,4
BMSC10_CMA4.5m26042024RossIsletSlugIsland,BMSC10,4.5,28,3,"3, 4",3,4
BMSC8_EGL8.5m22042024BaeriaRocksNorthN,BMSC8,8.5,3,4,"4, 3",4,3
BMSC8_EGL8.5m22042024BaeriaRocksNorthN,BMSC8,8.5,4,3,"4, 3",4,3
BMSC8_EGL8.5m22042024BaeriaRocksNorthN,BMSC8,8.5,5,3,"4, 3",4,3
BMSC8_EGL8.5m22042024BaeriaRocksNorthN,BMSC8,8.5,6,3,"4, 3",4,3
BMSC8_EGL8.5m22042024BaeriaRocksNorthN,BMSC8,8.5,7,4,"4, 3",4,3
BMSC8_EGL8.5m22042024BaeriaRocksNorthN,BMSC8,8.5,8,3,"4, 3",4,3
BMSC8_EGL8.5m22042024BaeriaRocksNorthN,BMSC8,8.5,9,3,"4, 3",4,3
BMSC8_EGL8.5m22042024BaeriaRocksNorthN,BMSC8,8.5,10,3,"4, 3",4,3
BMSC8_EGL8.5m22042024BaeriaRocksNorthN,BMSC8,8.5,11,3,"4, 3",4,3
BMSC8_EGL8.5m22042024BaeriaRocksNorthN,BMSC8,8.5,12,3,"4, 3",4,3
BMSC8_EGL8.5m22042024BaeriaRocksNorthN,BMSC8,8.5,13,4,"4, 3",4,3
BMSC8_EGL8.5m22042024BaeriaRocksNorthN,BMSC8,8.5,14,4,"4, 3",4,3
BMSC8_EGL8.5m22042024BaeriaRocksNorthN,BMSC8,8.5,15,4,"4, 3",4,3
BMSC8_EGL8.5m22042024BaeriaRocksNorthN,BMSC8,8.5,16,4,"4, 3",4,3
BMSC8_EGL8.5m22042024BaeriaRocksNorthN,BMSC8,8.5,17,4,"4, 3",4,3
BMSC8_EGL8.5m22042024BaeriaRocksNorthN,BMSC8,8.5,18,4,"4, 3",4,3
BMSC8_EGL8.5m22042024BaeriaRocksNorthN,BMSC8,8.5,19,4,"4, 3",4,3
BMSC8_EGL8.5m22042024BaeriaRocksNorthN,BMSC8,8.5,20,4,"4, 3",4,3
BMSC8_EGL8.5m22042024BaeriaRocksNorthN,BMSC8,8.5,21,4,"4, 3",4,3
BMSC8_EGL8.5m22042024BaeriaRocksNorthN,BMSC8,8.5,22,4,"4, 3",4,3
BMSC8_EGL8.5m22042024BaeriaRocksNorthN,BMSC8,8.5,23,4,"4, 3",4,3
BMSC12_TB7m26042024WizardN,BMSC12,7.0,3,4,"4, 3",4,3
BMSC12_TB7m26042024WizardN,BMSC12,7.0,4,3,"4, 3",4,3
BMSC12_TB7m26042024WizardN,BMSC12,7.0,5,4,"4, 3",4,3
BMSC12_TB7m26042024WizardN,BMSC12,7.0,6,3,"4, 3",4,3
BMSC12_TB7m26042024WizardN,BMSC12,7.0,7,3,"4, 3",4,3
BMSC12_TB7m26042024WizardN,BMSC12,7.0,8,3,"4, 3",4,3
BMSC12_TB7m26042024WizardN,BMSC12,7.0,9,3,"4, 3",4,3
BMSC12_TB7m26042024WizardN,BMSC12,7.0,10,4,"4, 3",4,3
BMSC12_TB7m26042024WizardN,BMSC12,7.0,11,4,"4, 3",4,3
BMSC12_TB7m26042024WizardN,BMSC12,7.0,12,4,"4, 3",4,3
BMSC12_TB7m26042024WizardN,BMSC12,7.0,13,4,"4, 3",4,3
BMSC12_TB7m26042024WizardN,BMSC12,7.0,14,4,"4, 3",4,3
BMSC12_TB7m26042024WizardN,BMSC12,7.0,15,4,"4, 3",4,3
BMSC12_TB7m26042024WizardN,BMSC12,7.0,16,4,"4, 3",4,3
BMSC12_TB7m26042024WizardN,BMSC12,7.0,17,4,"4, 3",4,3
BMSC12_TB7m26042024WizardN,BMSC12,7.0,18,4,"4, 3",4,3
BMSC12_TB7m26042024WizardN,BMSC12,7.0,19,no photo,"4, 3",4,3
BMSC12_TB7m26042024WizardN,BMSC12,7.0,20,4,"4, 3",4,3
BMSC12_TB7m26042024WizardN,BMSC12,7.0,21,4,"4, 3",4,3
BMSC12_TB7m26042024WizardN,BMSC12,7.0,22,4,"4, 3",4,3
BMSC12_TB7m26042024WizardN,BMSC12,7.0,23,4,"4, 3",4,3
BMSC12_TB7m26042024WizardN,BMSC12,7.0,24,4,"4, 3",4,3
BMSC12_TB7m26042024WizardN,BMSC12,7.0,25,4,"4, 3",4,3
BMSC12_TB7m26042024WizardN,BMSC12,7.0,26,4,"4, 3",4,3
BMSC25_TB6m23042024GobyTown,BMSC25,5.5,2,3,"3, 3",3,3
BMSC25_TB6m23042024GobyTown,BMSC25,5.5,3,3,"3, 3",3,3
BMSC25_TB6m23042024GobyTown,BMSC25,5.5,4,3,"3, 3",3,3
BMSC25_TB6m23042024GobyTown,BMSC25,5.5,5,3,"3, 3",3,3
BMSC25_TB6m23042024GobyTown,BMSC25,5.5,6,3,"3, 3",3,3
BMSC25_TB6m23042024GobyTown,BMSC25,5.5,7,3,"3, 3",3,3
BMSC25_TB6m23042024GobyTown,BMSC25,5.5,8,3,"3, 3",3,3
BMSC25_TB6m23042024GobyTown,BMSC25,5.5,9,3,"3, 3",3,3
BMSC25_TB6m23042024GobyTown,BMSC25,5.5,10,3,"3, 3",3,3
BMSC25_TB6m23042024GobyTown,BMSC25,5.5,11,3,"3, 3",3,3
BMSC25_TB6m23042024GobyTown,BMSC25,5.5,12,3,"3, 3",3,3
BMSC25_TB6m23042024GobyTown,BMSC25,5.5,13,3,"3, 3",3,3
BMSC25_TB6m23042024GobyTown,BMSC25,5.5,14,3,"3, 3",3,3
BMSC25_TB6m23042024GobyTown,BMSC25,5.5,15,3,"3, 3",3,3
BMSC25_TB6m23042024GobyTown,BMSC25,5.5,16,3,"3, 3",3,3
BMSC25_TB6m23042024GobyTown,BMSC25,5.5,17,3,"3, 3",3,3
BMSC25_TB6m23042024GobyTown,BMSC25,5.5,18,3,"3, 3",3,3
BMSC25_TB6m23042024GobyTown,BMSC25,5.5,19,3,"3, 3",3,3
BMSC25_TB6m23042024GobyTown,BMSC25,5.5,20,3,"3, 3",3,3
BMSC25_TB6m23042024GobyTown,BMSC25,5.5,21,3,"3, 3",3,3
BMSC25_TB6m23042024GobyTown,BMSC25,5.5,22,3,"3, 3",3,3
BMSC25_TB6m23042024GobyTown,BMSC25,5.5,23,3,"3, 3",3,3
BMSC25_TB6m23042024GobyTown,BMSC25,5.5,24,3,"3, 3",3,3
BMSC25_TB6m23042024GobyTown,BMSC25,5.5,25,3,"3, 3",3,3
BMSC25_TB6m23042024GobyTown,BMSC25,5.5,26,3,"3, 3",3,3
BMSC25_TB6m23042024GobyTown,BMSC25,5.5,27,3,"3, 3",3,3
BMSC25_TB6m23042024GobyTown,BMSC25,5.5,28,3,"3, 3",3,3
BMSC25_TB6m23042024GobyTown,BMSC25,5.5,29,3,"3, 3",3,3
BMSC25_TB6m23042024GobyTown,BMSC25,5.5,30,3,"3, 3",3,3
BMSC25_TB6m23042024GobyTown,BMSC25,5.5,31,3,"3, 3",3,3
BMSC24_CMA5.5m24042024SwissBoy,BMSC24,5.5,2,4,"4, 3",4,3
BMSC24_CMA5.5m24042024SwissBoy,BMSC24,5.5,3,4,"4, 3",4,3
BMSC24_CMA5.5m24042024SwissBoy,BMSC24,5.5,4,4,"4, 3",4,3
BMSC24_CMA5.5m24042024SwissBoy,BMSC24,5.5,5,4,"4, 3",4,3
BMSC24_CMA5.5m24042024SwissBoy,BMSC24,5.5,6,4,"4, 3",4,3
BMSC24_CMA5.5m24042024SwissBoy,BMSC24,5.5,7,3,"4, 3",4,3
BMSC24_CMA5.5m24042024SwissBoy,BMSC24,5.5,8,3,"4, 3",4,3
BMSC24_CMA5.5m24042024SwissBoy,BMSC24,5.5,9,3,"4, 3",4,3
BMSC24_CMA5.5m24042024SwissBoy,BMSC24,5.5,10,3,"4, 3",4,3
BMSC24_CMA5.5m24042024SwissBoy,BMSC24,5.5,11,3,"4, 3",4,3
BMSC24_CMA5.5m24042024SwissBoy,BMSC24,5.5,12,4,"4, 3",4,3
BMSC24_CMA5.5m24042024SwissBoy,BMSC24,5.5,13,4,"4, 3",4,3
BMSC24_CMA5.5m24042024SwissBoy,BMSC24,5.5,14,4,"4, 3",4,3
BMSC24_CMA5.5m24042024SwissBoy,BMSC24,5.5,15,4,"4, 3",4,3
BMSC24_CMA5.5m24042024SwissBoy,BMSC24,5.5,16,4,"4, 3",4,3
BMSC24_CMA5.5m24042024SwissBoy,BMSC24,5.5,17,4,"4, 3",4,3
BMSC24_CMA5.5m24042024SwissBoy,BMSC24,5.5,18,4,"4, 3",4,3
BMSC24_CMA5.5m24042024SwissBoy,BMSC24,5.5,19,4,"4, 3",4,3
BMSC24_CMA5.5m24042024SwissBoy,BMSC24,5.5,20,4,"4, 3",4,3
BMSC24_CMA5.5m24042024SwissBoy,BMSC24,5.5,21,4,"4, 3",4,3
BMSC24_CMA5.5m24042024SwissBoy,BMSC24,5.5,22,4,"4, 3",4,3
BMSC24_CMA5.5m24042024SwissBoy,BMSC24,5.5,23,4,"4, 3",4,3
BMSC23_VDG6.7m3052024AguilarPoint,BMSC23,6.7,3,3,"4, 3",4,3
BMSC23_VDG6.7m3052024AguilarPoint,BMSC23,6.7,4,4,"4, 3",4,3
BMSC23_VDG6.7m3052024AguilarPoint,BMSC23,6.7,5,4,"4, 3",4,3
BMSC23_VDG6.7m3052024AguilarPoint,BMSC23,6.7,6,4,"4, 3",4,3
BMSC23_VDG6.7m3052024AguilarPoint,BMSC23,6.7,7,4,"4, 3",4,3
BMSC23_VDG6.7m3052024AguilarPoint,BMSC23,6.7,8,4,"4, 3",4,3
BMSC23_VDG6.7m3052024AguilarPoint,BMSC23,6.7,9,3,"4, 3",4,3
BMSC23_VDG6.7m3052024AguilarPoint,BMSC23,6.7,10,4,"4, 3",4,3
BMSC23_VDG6.7m3052024AguilarPoint,BMSC23,6.7,11,4,"4, 3",4,3
BMSC23_VDG6.7m3052024AguilarPoint,BMSC23,6.7,12,4,"4, 3",4,3
BMSC23_VDG6.7m3052024AguilarPoint,BMSC23,6.7,13,3,"4, 3",4,3
BMSC23_VDG6.7m3052024AguilarPoint,BMSC23,6.7,14,3,"4, 3",4,3
BMSC23_VDG6.7m3052024AguilarPoint,BMSC23,6.7,15,4,"4, 3",4,3
BMSC23_VDG6.7m3052024AguilarPoint,BMSC23,6.7,16,3,"4, 3",4,3
BMSC23_VDG6.7m3052024AguilarPoint,BMSC23,6.7,17,4,"4, 3",4,3
BMSC23_VDG6.7m3052024AguilarPoint,BMSC23,6.7,18,3,"4, 3",4,3
BMSC23_VDG6.7m3052024AguilarPoint,BMSC23,6.7,19,3,"4, 3",4,3
BMSC23_VDG6.7m3052024AguilarPoint,BMSC23,6.7,20,3,"4, 3",4,3
BMSC23_VDG6.7m3052024AguilarPoint,BMSC23,6.7,21,3,"4, 3",4,3
BMSC23_VDG6.7m3052024AguilarPoint,BMSC23,6.7,22,4,"4, 3",4,3
BMSC23_VDG6.7m3052024AguilarPoint,BMSC23,6.7,23,3,"4, 3",4,3
BMSC23_VDG6.7m3052024AguilarPoint,BMSC23,6.7,24,4,"4, 3",4,3
BMSC23_VDG6.7m3052024AguilarPoint,BMSC23,6.7,25,4,"4, 3",4,3
BMSC23_VDG6.7m3052024AguilarPoint,BMSC23,6.7,26,4,"4, 3",4,3
BMSC14_VDG6m1052024EffinghamArchipelago,BMSC14,6.0,3,4,"4, 3",4,3
BMSC14_VDG6m1052024EffinghamArchipelago,BMSC14,6.0,4,3,"4, 3",4,3
BMSC14_VDG6m1052024EffinghamArchipelago,BMSC14,6.0,5,4,"4, 3",4,3
BMSC14_VDG6m1052024EffinghamArchipelago,BMSC14,6.0,6,3,"4, 3",4,3
BMSC14_VDG6m1052024EffinghamArchipelago,BMSC14,6.0,7,4,"4, 3",4,3
BMSC14_VDG6m1052024EffinghamArchipelago,BMSC14,6.0,8,3,"4, 3",4,3
BMSC14_VDG6m1052024EffinghamArchipelago,BMSC14,6.0,9,4,"4, 3",4,3
BMSC14_VDG6m1052024EffinghamArchipelago,BMSC14,6.0,10,3,"4, 3",4,3
BMSC14_VDG6m1052024EffinghamArchipelago,BMSC14,6.0,11,4,"4, 3",4,3
BMSC14_VDG6m1052024EffinghamArchipelago,BMSC14,6.0,12,4,"4, 3",4,3
BMSC14_VDG6m1052024EffinghamArchipelago,BMSC14,6.0,13,4,"4, 3",4,3
BMSC14_VDG6m1052024EffinghamArchipelago,BMSC14,6.0,14,4,"4, 3",4,3
BMSC14_VDG6m1052024EffinghamArchipelago,BMSC14,6.0,15,4,"4, 3",4,3
BMSC14_VDG6m1052024EffinghamArchipelago,BMSC14,6.0,16,3,"4, 3",4,3
BMSC14_VDG6m1052024EffinghamArchipelago,BMSC14,6.0,17,4,"4, 3",4,3
BMSC14_VDG6m1052024EffinghamArchipelago,BMSC14,6.0,18,3,"4, 3",4,3
BMSC14_VDG6m1052024EffinghamArchipelago,BMSC14,6.0,19,4,"4, 3",4,3
BMSC14_VDG6m1052024EffinghamArchipelago,BMSC14,6.0,20,3,"4, 3",4,3
BMSC14_VDG6m1052024EffinghamArchipelago,BMSC14,6.0,21,4,"4, 3",4,3
BMSC14_VDG6m1052024EffinghamArchipelago,BMSC14,6.0,22,4,"4, 3",4,3
BMSC14_VDG6m1052024EffinghamArchipelago,BMSC14,6.0,23,4,"4, 3",4,3
BMSC14_VDG6m1052024EffinghamArchipelago,BMSC14,6.0,24,4,"4, 3",4,3
BMSC14_VDG6m1052024EffinghamArchipelago,BMSC14,6.0,25,3,"4, 3",4,3
BMSC19_CMA8.5m25042024EdKingSWPyramid,BMSC19,8.5,2,4,"4, 3",4,3
BMSC19_CMA8.5m25042024EdKingSWPyramid,BMSC19,8.5,3,4,"4, 3",4,3
BMSC19_CMA8.5m25042024EdKingSWPyramid,BMSC19,8.5,4,3,"4, 3",4,3
BMSC19_CMA8.5m25042024EdKingSWPyramid,BMSC19,8.5,5,3,"4, 3",4,3
BMSC19_CMA8.5m25042024EdKingSWPyramid,BMSC19,8.5,6,3,"4, 3",4,3
BMSC19_CMA8.5m25042024EdKingSWPyramid,BMSC19,8.5,7,3,"4, 3",4,3
BMSC19_CMA8.5m25042024EdKingSWPyramid,BMSC19,8.5,8,3,"4, 3",4,3
BMSC19_CMA8.5m25042024EdKingSWPyramid,BMSC19,8.5,9,4,"4, 3",4,3
BMSC19_CMA8.5m25042024EdKingSWPyramid,BMSC19,8.5,10,some school of larvae in way,"4, 3",4,3
BMSC19_CMA8.5m25042024EdKingSWPyramid,BMSC19,8.5,11,4,"4, 3",4,3
BMSC19_CMA8.5m25042024EdKingSWPyramid,BMSC19,8.5,12,4,"4, 3",4,3
BMSC19_CMA8.5m25042024EdKingSWPyramid,BMSC19,8.5,13,4,"4, 3",4,3
BMSC19_CMA8.5m25042024EdKingSWPyramid,BMSC19,8.5,14,4,"4, 3",4,3
BMSC19_CMA8.5m25042024EdKingSWPyramid,BMSC19,8.5,15,4,"4, 3",4,3
BMSC19_CMA8.5m25042024EdKingSWPyramid,BMSC19,8.5,16,4,"4, 3",4,3
BMSC19_CMA8.5m25042024EdKingSWPyramid,BMSC19,8.5,17,same school,"4, 3",4,3
BMSC19_CMA8.5m25042024EdKingSWPyramid,BMSC19,8.5,18,4,"4, 3",4,3
BMSC19_CMA8.5m25042024EdKingSWPyramid,BMSC19,8.5,19,same school,"4, 3",4,3
BMSC19_CMA8.5m25042024EdKingSWPyramid,BMSC19,8.5,20,3,"4, 3",4,3
BMSC19_CMA8.5m25042024EdKingSWPyramid,BMSC19,8.5,21,4,"4, 3",4,3
BMSC19_CMA8.5m25042024EdKingSWPyramid,BMSC19,8.5,22,4,"4, 3",4,3
BMSC19_CMA8.5m25042024EdKingSWPyramid,BMSC19,8.5,23,3,"4, 3",4,3
BMSC19_CMA8.5m25042024EdKingSWPyramid,BMSC19,8.5,24,4,"4, 3",4,3